Top Best Movies of 2016|Chris Stuckmann|2016|The Nice Guys|1
Top Best Movies of 2016|Chris Stuckmann|2016|La La Land|2
Top Best Movies of 2016|Chris Stuckmann|2016|Silence|3
Top Best Movies of 2016|Chris Stuckmann|2016|Your Name|4
Top Best Movies of 2016|Chris Stuckmann|2016|Deadpool|5
Top Best Movies of 2016|Chris Stuckmann|2016|Moonlight|6
Top Best Movies of 2016|Chris Stuckmann|2016|Hacksaw Ridge|7
Top Best Movies of 2016|Chris Stuckmann|2016|Captain America: Civil War|8
Top Best Movies of 2016|Chris Stuckmann|2016|The Boy and the Beast|9
Top Best Movies of 2016|Chris Stuckmann|2016|Manchester by the Sea|10
Top Best Movies of 2016|Chris Stuckmann|2016|Zootopia|11
Top Best Movies of 2016|Chris Stuckmann|2016|Paterson|12
Top Best Movies of 2016|Chris Stuckmann|2016|Arrival|13
Top Best Movies of 2016|Chris Stuckmann|2016|Swiss Army Man|14
Top Best Movies of 2016|Chris Stuckmann|2016|The Witch|15
Top Best Movies of 2015|Chris Stuckmann|2015|Star Wars: Episode VII â€“ the Force Awakens|1
Top Best Movies of 2015|Chris Stuckmann|2015|Mad Max: Fury Road|2
Top Best Movies of 2015|Chris Stuckmann|2015|Creed|3
Top Best Movies of 2015|Chris Stuckmann|2015|The Hateful Eight|4
Top Best Movies of 2015|Chris Stuckmann|2015|Bridge of Spies|5
Top Best Movies of 2015|Chris Stuckmann|2015|When Marnie was There|6
Top Best Movies of 2015|Chris Stuckmann|2015|The Martian|7
Top Best Movies of 2015|Chris Stuckmann|2015|The Revenant|8
Top Best Movies of 2015|Chris Stuckmann|2015|Spotlight|9
Top Best Movies of 2015|Chris Stuckmann|2015|Sicario|10
Top Best Movies of 2014|Chris Stuckmann|2014|Birdman or (The Unexpected Virtue of Ignorance)|1
Top Best Movies of 2014|Chris Stuckmann|2014|Whiplash|2
Top Best Movies of 2014|Chris Stuckmann|2014|The Babadook|3
Top Best Movies of 2014|Chris Stuckmann|2014|Edge of Tomorrow|4
Top Best Movies of 2014|Chris Stuckmann|2014|Nightcrawler|5
Top Best Movies of 2014|Chris Stuckmann|2014|Interstellar|6
Top Best Movies of 2014|Chris Stuckmann|2014|Snowpiercer|7
Top Best Movies of 2014|Chris Stuckmann|2014|Gone Girl|8
Top Best Movies of 2014|Chris Stuckmann|2014|The Imitation Game|9
Top Best Movies of 2014|Chris Stuckmann|2014|Captain America: Winter Soldier|10
Top Best Movies of 2014|Chris Stuckmann|2014|Guardians of the Galaxy|11
Top Best Movies of 2014|Chris Stuckmann|2014|Enemy|12
Top Best Movies of 2014|Chris Stuckmann|2014|Under the Skin|13
Top Best Movies of 2014|Chris Stuckmann|2014|X-Men: Days of Future Past|14
Top Best Movies of 2014|Chris Stuckmann|2014|Boyhood|15
Top Best Movies of 2014|Chris Stuckmann|2014|John Wick|16
Top Best Movies of 2014|Chris Stuckmann|2014|The Guest|17
Top Best Movies of 2014|Chris Stuckmann|2014|Dawn of the Planet of the Apes|18
Top Best Movies of 2014|Chris Stuckmann|2014|The Grand Budapest Hotel|19
Top Best Movies of 2014|Chris Stuckmann|2014|The Tale of Princess Kaguya|20
Top Best Movies of 2013|Chris Stuckmann|2013|Prisoners|1
Top Best Movies of 2013|Chris Stuckmann|2013|The Place Beyond the Pines|2
Top Best Movies of 2013|Chris Stuckmann|2013|American Hustle|3
Top Best Movies of 2013|Chris Stuckmann|2013|The World's End|4
Top Best Movies of 2013|Chris Stuckmann|2013|The Wolf of Wall Street|5
Top Best Movies of 2013|Chris Stuckmann|2013|Don Jon|6
Top Best Movies of 2013|Chris Stuckmann|2013|Mud|7
Top Best Movies of 2013|Chris Stuckmann|2013|The Hunt|8
Top Best Movies of 2013|Chris Stuckmann|2013|12 Years a Slave|9
Top Best Movies of 2013|Chris Stuckmann|2013|Gravity|10
Top Best Movies of 2012|Chris Stuckmann|2012|The Dark Knight Rises|1
Top Best Movies of 2012|Chris Stuckmann|2012|Skyfall|2
Top Best Movies of 2012|Chris Stuckmann|2012|Silver Linings Playbook|3
Top Best Movies of 2012|Chris Stuckmann|2012|Django Unchained|4
Top Best Movies of 2012|Chris Stuckmann|2012|The Avengers|5
Top Best Movies of 2012|Chris Stuckmann|2012|Seven Psychopaths|6
Top Best Movies of 2012|Chris Stuckmann|2012|Looper|7
Top Best Movies of 2012|Chris Stuckmann|2012|Argo|8
Top Best Movies of 2012|Chris Stuckmann|2012|Lincoln|9
Top Best Movies of 2012|Chris Stuckmann|2012|The Perks of Being a Wallflower|10
