Woody Allen,"What’s Up, Tiger Lily?",1966,
Woody Allen,Take the Money and Run,1969,
Woody Allen,Bananas,1971,
Woody Allen,Everything You Always Wanted to Know About Sex But Were Afraid to Ask,1972,
Woody Allen,Sleeper,1973,
Woody Allen,Love and Death,1975,
Woody Allen,Annie Hall,1977,
Woody Allen,Interiors,1978,
Woody Allen,Manhattan,1979,
Woody Allen,Stardust Memories,1980,
Woody Allen,A Midsummer Night’s Sex Comedy,1982,
Woody Allen,Zelig,1983,
Woody Allen,Broadway Danny Rose,1984,
Woody Allen,The Purple Rose of Cairo,1985,
Woody Allen,Hannah and Her Sisters,1986,
Woody Allen,Radio Days,1987,
Woody Allen,September,1987,
Woody Allen,Another Woman,1988,
Woody Allen,New York Stories: Oedipus Wrecks,1989,
Woody Allen,Crimes and Misdemeanors,1989,
Woody Allen,Alice,1990,
Woody Allen,Shadows and Fog,1992,
Woody Allen,Husbands and Wives,1992,
Woody Allen,Manhattan Murder Mystery,1993,
Woody Allen,Bullets Over Broadway,1994,
Woody Allen,Mighty Aphrodite,1995,
Woody Allen,Everyone Says I Love You,1996,
Woody Allen,Deconstructing Harry,1997,
Woody Allen,Celebrity,1998,
Woody Allen,Sweet and Lowdown,2000,
Woody Allen,Small Time Crooks,2000,
Woody Allen,The Curse of the Jade Scorpion,2001,
Woody Allen,Hollywood Ending,2002,
Woody Allen,Anything Else,2003,
Woody Allen,Melinda and Melinda,2004,
Woody Allen,Match Point,2005,
Woody Allen,Scoop,2006,
Woody Allen,Cassandra’s Dream,2007,
Woody Allen,Vicky Cristina Barcelona,2008,
Woody Allen,Whatever Works,2009,
Woody Allen,You Will Meet a Tall Dark Stranger,2010,
Woody Allen,Midnight in Paris,2011,
Woody Allen,To Rome with Love,2012,
Woody Allen,Blue Jasmine,2013,
Woody Allen,Magic in the Moonlight,2014,
Woody Allen,Irrational Man,2015,
Robert Altman,The Delinquents,1957,
Robert Altman,The James Dean Story,1957,
Robert Altman,Countdown,1968,
Robert Altman,That Cold Day in the Park,1969,
Robert Altman,M*A*S*H,1970,
Robert Altman,Brewster McCloud,1970,
Robert Altman,McCabe & Mrs. Miller,1971,
Robert Altman,Images,1972,
Robert Altman,The Long Goodbye,1973,
Robert Altman,Thieves Like us,1974,
Robert Altman,California Split,1974,
Robert Altman,Nashville,1975,
Robert Altman,Buffalo Bill and the Indians or Sitting Bull’s History Lesson,1976,
Robert Altman,3 Women,1977,
Robert Altman,A Wedding,1978,
Robert Altman,Quintet,1979,
Robert Altman,A Perfect Couple,1979,
Robert Altman,H.E.A.L.T.H.,1979,
Robert Altman,Popeye,1980,
Robert Altman,"Come Back to the Five and Dime, Jimmy Dean, Jimmy Dean",1982,
Robert Altman,Streamers,1983,
Robert Altman,Secret Honor,1984,
Robert Altman,O.C. & Stiggs,1985,
Robert Altman,Fool for Love,1985,
Robert Altman,Aria,1987,
Robert Altman,Beyond Therapy,1987,
Robert Altman,Vincent and Theo,1990,
Robert Altman,The Player,1992,
Robert Altman,Short Cuts,1993,
Robert Altman,Ready to Wear,1994,
Robert Altman,Kansas City,1996,
Robert Altman,Jazz ’34,1996,
Robert Altman,The Gingerbread Man,1998,
Robert Altman,Cookie’s Fortune,1999,
Robert Altman,Dr. T & The Women,2000,
Robert Altman,Gosford Park,2001,
Robert Altman,The Company,2003,
Robert Altman,A Prairie Home Companion,2006,
Paul Thomas Anderson,Hard Eight,1996,
Paul Thomas Anderson,Boogie Nights,1997,
Paul Thomas Anderson,Magnolia,1999,
Paul Thomas Anderson,Punch-Drunk Love,2002,
Paul Thomas Anderson,There Will Be Blood,2007,
Paul Thomas Anderson,The Master,2012,
Paul Thomas Anderson,Inherent Vice,2014,
Wes Anderson,Bottle Rocket,1996,
Wes Anderson,Rushmore,1998,
Wes Anderson,The Royal Tenenbaums,2001,
Wes Anderson,The Life Aquatic with Steve Zissou,2004,
Wes Anderson,The Darjeeling Limited,2007,
Wes Anderson,Fantastic Mr. Fox,2009,
Wes Anderson,Moonrise Kingdom,2012,
Wes Anderson,The Grand Budapest Hotel,2014,
Michelangelo Antonioni,Story of a Love Affair,1950,
Michelangelo Antonioni,I Vinti,1953,
Michelangelo Antonioni,The Lady Without Camelias,1953,
Michelangelo Antonioni,Le Amiche,1955,
Michelangelo Antonioni,Il Grido,1957,
Michelangelo Antonioni,L’Avventura,1960,
Michelangelo Antonioni,La Notte,1961,
Michelangelo Antonioni,L’Eclisse,1962,
Michelangelo Antonioni,The Red Desert,1964,
Michelangelo Antonioni,Blow Up,1966,
Michelangelo Antonioni,Zabriskie Point,1969,
Michelangelo Antonioni,Chung Kuo Cina,1972,
Michelangelo Antonioni,The Passenger,1975,
Michelangelo Antonioni,The Oberwald Mystery,1980,
Michelangelo Antonioni,Identification of a Woman,1982,
Michelangelo Antonioni,Beyond the Clouds,1995,
Michael Apted,Seven Up,1963,
Michael Apted,Seven Plus Seven,1970,
Michael Apted,Triple Echo,1973,
Michael Apted,Stardust,1974,
Michael Apted,The Squeeze,1977,
Michael Apted,21 Up,1977,
Michael Apted,Agatha,1979,
Michael Apted,Coal Miner’s Daughter,1980,
Michael Apted,Continental Divide,1981,
Michael Apted,Gorky Park,1983,
Michael Apted,Firstborn,1984,
Michael Apted,Bring on the Night,1985,
Michael Apted,28 Up,1985,
Michael Apted,Critical Condition,1987,
Michael Apted,Gorlllias in the Mist,1988,
Michael Apted,Class Action,1991,
Michael Apted,35 Up,1991,
Michael Apted,Thunderheart,1992,
Michael Apted,Incident at Oglala,1992,
Michael Apted,Blink,1994,
Michael Apted,Moving in the Mountain,1994,
Michael Apted,Nell,1994,
Michael Apted,Extreme Measures,1996,
Michael Apted,Inspirations,1997,
Michael Apted,42 Up,1998,
Michael Apted,Me & Isaac Newton,1999,
Michael Apted,The World is Not Enough,1999,
Michael Apted,Enigma,2001,
Michael Apted,Enough,2002,
Michael Apted,49 Up,2005,
Michael Apted,Amazing Grace,2006,
Michael Apted,The Power of the Game,2007,
Michael Apted,56 Up,2012,
Gillian Armstrong,The Singer and the Dancer,1977,
Gillian Armstrong,My Brilliant Career,1979,
Gillian Armstrong,Starstruck,1982,
Gillian Armstrong,Mrs. Soffel,1984,
Gillian Armstrong,High Tide,1988,
Gillian Armstrong,Fires Within,1991,
Gillian Armstrong,The Last Days of Chez Nous,1992,
Gillian Armstrong,Little Women,1994,
Gillian Armstrong,Not Fourteen Again,1996,
Gillian Armstrong,Oscar and Lucinda,1997,
Gillian Armstrong,Charlotte Gray,2001,
Gillian Armstrong,Unfolding Florence: The Many Lives of Florence Broadhurst,2006,
Gillian Armstrong,Death Defying Acts,2007,
Darren Aronofsky,Pi,1998,
Darren Aronofsky,Requiem for a Dream,2000,
Darren Aronofsky,The Fountain,2006,
Darren Aronofsky,The Wrestler,2008,
Darren Aronofsky,Black Swan,2010,
Darren Aronofsky,Noah,2014,
Ramin Bahrani,Man Push Cart,2006,
Ramin Bahrani,Chop Shop,2008,
Ramin Bahrani,Goodbye Solo,2009,
Ramin Bahrani,At Any Price,2012,
Ramin Bahrani,99 Homes,2014,
Ingmar Bergman,Crisis,1946,
Ingmar Bergman,It Rains on Our Love,1946,
Ingmar Bergman,A Ship Bound for India,1947,
Ingmar Bergman,Night is My Future,1948,
Ingmar Bergman,Port of Call,1948,
Ingmar Bergman,The Devil’s Wanton,1949,
Ingmar Bergman,Three Strange Loves,1949,
Ingmar Bergman,To Joy,1950,
Ingmar Bergman,This Can’t Happen Here,1950,
Ingmar Bergman,Summer Interlude,1951,
Ingmar Bergman,Secrets of Women,1952,
Ingmar Bergman,Monika,1953,
Ingmar Bergman,Sawdust and Tinsel,1953,
Ingmar Bergman,A Lesson in Love,1954,
Ingmar Bergman,Dreams,1955,
Ingmar Bergman,Smiles of a Summer Night,1955,
Ingmar Bergman,The Seventh Seal,1957,
Ingmar Bergman,Wild Strawberries,1957,
Ingmar Bergman,Brink of Life,1958,
Ingmar Bergman,The Magician,1958,
Ingmar Bergman,The Virgin Spring,1960,
Ingmar Bergman,The Devil’s Eye,1960,
Ingmar Bergman,Through a Glass Darkly,1961,
Ingmar Bergman,Winter Light,1962,
Ingmar Bergman,The Silence,1963,
Ingmar Bergman,All These Women,1964,
Ingmar Bergman,Persona,1966,
Ingmar Bergman,Hour of the Wolf,1968,
Ingmar Bergman,Shame,1968,
Ingmar Bergman,The Passion of Anna,1969,
Ingmar Bergman,The Faro Document,1970,
Ingmar Bergman,The Touch,1970,
Ingmar Bergman,Cries and Whispers,1972,
Ingmar Bergman,Scenes from a Marriage,1973,
Ingmar Bergman,The Magic Flute,1975,
Ingmar Bergman,Face to Face,1976,
Ingmar Bergman,The Serpent’s Egg,1977,
Ingmar Bergman,Autumn Sonata,1978,
Ingmar Bergman,The Faro Document 1979,1979,
Ingmar Bergman,From the Life of the Marionettes,1980,
Ingmar Bergman,Fanny and Alexander,1982,
Ingmar Bergman,After the Rehearsal,1984,
Ingmar Bergman,In the Presence of a Clown,1997,
Ingmar Bergman,Sarabond,2005,
Bernardo Bertolucci,Before the Revolution,1962,
Bernardo Bertolucci,The Grim Reaper,1962,
Bernardo Bertolucci,Partner,1968,
Bernardo Bertolucci,The Spider’s Strategem,1970,
Bernardo Bertolucci,The Conformist,1970,
Bernardo Bertolucci,Last Tango in Paris,1972,
Bernardo Bertolucci,1900,1976,
Bernardo Bertolucci,La Luna,1979,
Bernardo Bertolucci,The Tragedy of a Rediculous Man,1981,
Bernardo Bertolucci,The Last Emperor,1987,
Bernardo Bertolucci,The Sheltering Sky,1990,
Bernardo Bertolucci,Little Buddha,1993,
Bernardo Bertolucci,Stealing Beauty,1996,
Bernardo Bertolucci,Besieged,1998,
Bernardo Bertolucci,The Dreamers,2004,
Luc Besson,The Last Battle,1983,
Luc Besson,Subway,1985,
Luc Besson,The Big Blue,1988,
Luc Besson,La Femme Nikita,1990,
Luc Besson,The Professional,1994,
Luc Besson,The Fifth Element,1997,
Luc Besson,The Messenger: The Story of Joan of Arc,1999,
Luc Besson,Angel-A,2005,
Luc Besson,Arthur and the Invisibles,2006,
Luc Besson,Arthur and the Revenge of Maltazard,2009,
Luc Besson,The Extraordinary Adventures of Adele Blanc-Sec,2010,
Luc Besson,Arthur 3: The War of the Two Worlds,2010,
Luc Besson,The Lady,2011,
Luc Besson,The Family,2013,
Luc Besson,Lucy,2014,
Peter Bogdanovich,Targets,1968,
Peter Bogdanovich,Voyage to the planet of Prehistoric Women,1968,
Peter Bogdanovich,Directed by John Ford,1971,
Peter Bogdanovich,The Last Picture Show,1971,
Peter Bogdanovich,"What’s Up, Doc?",1972,
Peter Bogdanovich,Paper Moon,1973,
Peter Bogdanovich,Daisy Miller,1974,
Peter Bogdanovich,At Long Last Love,1975,
Peter Bogdanovich,Nickelodeon,1976,
Peter Bogdanovich,Saint Jack,1979,
Peter Bogdanovich,They All Laughed,1981,
Peter Bogdanovich,Mask,1985,
Peter Bogdanovich,Illegally Yours,1988,
Peter Bogdanovich,Texasville,1990,
Peter Bogdanovich,Noises Off…,1992,
Peter Bogdanovich,A Thing Called Love,1993,
Peter Bogdanovich,The Cat’s Meow,2001,
Peter Bogdanovich,Tom Petty and the Heartbreakers: Runnin’ Down a Dream,2007,
Peter Bogdanovich,She's Funny That Way,2015,
John Boorman,Having a Wild Weekend,1965,
John Boorman,Point Blank,1967,
John Boorman,Hell in the Pacific,1968,
John Boorman,Leo the Last,1970,
John Boorman,Deliverance,1972,
John Boorman,Zardoz,1974,
John Boorman,Exorcist II: The Heretic,1977,
John Boorman,Excalibur,1981,
John Boorman,The Emerald Forest,1985,
John Boorman,Hope and Glory,1987,
John Boorman,Where the Heart Is,1990,
John Boorman,Beyond Rangoon,1995,
John Boorman,The General,1998,
John Boorman,The Tailor of Panama,2001,
John Boorman,In My Country,2005,
John Boorman,The Tiger’s Tail,2006,
John Boorman,Queen and Country,2014,
Danny Boyle,Shallow Grave,1994,
Danny Boyle,Trainspotting,1996,
Danny Boyle,A Life Less Ordinary,1997,
Danny Boyle,The Beach,2000,
Danny Boyle,28 Days Later,2002,
Danny Boyle,Millions,2005,
Danny Boyle,Sunshine,2007,
Danny Boyle,Slumdog Millionare,2008,
Danny Boyle,127 Hours,2010,
Danny Boyle,Trance,2013,
Robert Bresson,Angels of the Streets,1943,
Robert Bresson,The Ladies of Bois de Boulogne,1945,
Robert Bresson,Diary of a Country Priest,1951,
Robert Bresson,A Man Escaped,1957,
Robert Bresson,Pickpocket,1959,
Robert Bresson,The Trial of Joan of Arc,1962,
Robert Bresson,Au Hasard Balthazar,1966,
Robert Bresson,Mouchette,1967,
Robert Bresson,A Gentle Woman,1969,
Robert Bresson,Four Nights of a Dreamer,1971,
Robert Bresson,Lancelot of the Lake,1974,
Robert Bresson,The Devil Probably,1977,
Robert Bresson,L’argent,1983,
Luis Bunuel,Un Chien Andalou,1929,
Luis Bunuel,L’age D’or,1930,
Luis Bunuel,Gran Casino,1947,
Luis Bunuel,The Great Madcap,1949,
Luis Bunuel,The Young and the Damned,1950,
Luis Bunuel,Susana,1950,
Luis Bunuel,A Woman Without Love,1951,
Luis Bunuel,Daughter of Deceit,1951,
Luis Bunuel,Mexican Bus Ride,1952,
Luis Bunuel,El,1952,
Luis Bunuel,The Brute,1952,
Luis Bunuel,Illusion Travels by Streetcar,1953,
Luis Bunuel,The Adventures of Robinson Crusoe,1954,
Luis Bunuel,The River of Death,1954,
Luis Bunuel,Wuthering Heights,1954,
Luis Bunuel,That is the Dawn,1955,
Luis Bunuel,Death in the Garden,1956,
Luis Bunuel,Nazarín,1958,
Luis Bunuel,Fever Rises in El Pao,1959,
Luis Bunuel,The Young One,1960,
Luis Bunuel,Viridiana,1961,
Luis Bunuel,The Exterminating Angel,1962,
Luis Bunuel,Diary of a Chambermaid,1964,
Luis Bunuel,Simon of the Desert,1965,
Luis Bunuel,Belle de Jour,1967,
Luis Bunuel,The Mily Way,1969,
Luis Bunuel,Tristana,1970,
Luis Bunuel,The Discreet Charm of the Bourgeoisie,1972,
Luis Bunuel,The Phantom of Liiberty,1974,
Luis Bunuel,That Obscure Object of Desire,1977,
Tim Burton,Pee-Wee’s Big Adventure,1985,
Tim Burton,Beetlejuice,1988,
Tim Burton,Batman,1989,
Tim Burton,Edward Scissorhands,1990,
Tim Burton,Batman Returns,1992,
Tim Burton,Ed Wood,1994,
Tim Burton,Mars Attacks!,1996,
Tim Burton,Sleepy Hollow,1999,
Tim Burton,Planet of the Apes,2001,
Tim Burton,Big Fish,2003,
Tim Burton,Willie Wonka and the Chocolate Factory,2005,
Tim Burton,Sweeney Todd: The Demon Barber of Fleet Street,2007,
Tim Burton,Alice in Wonderland,2010,
Tim Burton,Dark Shadows,2012,
Tim Burton,Big Eyes,2014,
James Cameron,Piranha II: The Spawning,1981,
James Cameron,The Terminator,1984,
James Cameron,Aliens,1986,
James Cameron,The Abyss,1989,
James Cameron,Terminator 2: Judgement Day,1991,
James Cameron,True Lies,1994,
James Cameron,Titanic,1997,
James Cameron,Aliens of the Deep,2005,
James Cameron,Avatar,2009,
Jane Campion,Sweetie,1989,
Jane Campion,An Angel at My Table,1990,
Jane Campion,The Piano,1993,
Jane Campion,Portrait of a Lady,1996,
Jane Campion,Holy Smoke,1999,
Jane Campion,In the Cut,2003,
Jane Campion,Bright Star,2009,
Frank Capra,The Strong Man,1926,
Frank Capra,Long Pants,1927,
Frank Capra,For the Love of Mike,1927,
Frank Capra,That Certain Thing,1928,
Frank Capra,So this is Love?,1928,
Frank Capra,The Manitee Idol,1928,
Frank Capra,The Way of the Strong,1928,
Frank Capra,Say it with Sables,1928,
Frank Capra,Submarine,1928,
Frank Capra,The Power of the Press,1928,
Frank Capra,The Younger Generation,1929,
Frank Capra,The Donovan Affair,1929,
Frank Capra,Flight,1929,
Frank Capra,Ladies of Leisure,1930,
Frank Capra,Rain or Shine,1930,
Frank Capra,Dirigible,1931,
Frank Capra,The Miracle Woman,1931,
Frank Capra,Platinum Blonde,1931,
Frank Capra,Forbidden,1932,
Frank Capra,American Madness,1932,
Frank Capra,The Bitter Tea of General Yen,1933,
Frank Capra,Lady for a Day,1933,
Frank Capra,It Happened One Night,1934,
Frank Capra,Broadway Bill,1934,
Frank Capra,Mr. Deeds Goes to Town,1936,
Frank Capra,Lost Horizon,1937,
Frank Capra,You Can’t Take it With You,1938,
Frank Capra,Mr. Smith Goes to Washington,1939,
Frank Capra,Meet John Doe,1941,
Frank Capra,Arsenic and Old Lace,1944,
Frank Capra,It’s a Wonderful Life,1946,
Frank Capra,State of the Union,1948,
Frank Capra,Riding High,1950,
Frank Capra,Here Comes the Groom,1951,
Frank Capra,A Hole in the Head,1959,
Frank Capra,Pocketful of Miracles,1961,
John Cassavetes,Shadows,1959,
John Cassavetes,Too Late Blues,1961,
John Cassavetes,A Pair of Boots,1962,
John Cassavetes,A Child is Waiting,1963,
John Cassavetes,Faces,1968,
John Cassavetes,Husbands,1970,
John Cassavetes,Minnie and Moskowitz,1971,
John Cassavetes,A Woman Under the Influence,1974,
John Cassavetes,The Killing of a Chinese Bookie,1976,
John Cassavetes,Opening Night,1977,
John Cassavetes,Gloria,1980,
John Cassavetes,Love Streams,1984,
John Cassavetes,Big Trouble,1985,
Charlie Chaplin,The Kid,1921,
Charlie Chaplin,A Woman of Paris,1923,
Charlie Chaplin,The Gold Rush,1925,
Charlie Chaplin,The Circus,1928,
Charlie Chaplin,City Lights,1931,
Charlie Chaplin,Modern Times,1936,
Charlie Chaplin,The Great Dictator,1940,
Charlie Chaplin,Monsieur Verdoux,1947,
Charlie Chaplin,Limelight,1952,
Charlie Chaplin,A King in New York,1957,
Charlie Chaplin,A Countess from Hong Kong,1967,
George Clooney,Confessions of a Dangerous Mind,2002,
George Clooney,"Good Night, and Good Luck.",2005,
George Clooney,Leatherheads,2008,
George Clooney,The Ides of March,2011,
George Clooney,Monuments Men,2014,
Jean Cocteau,The Blood of a Poet,1930,
Jean Cocteau,Beauty and the Beast,1946,
Jean Cocteau,The Eagle Has Two Heads,1947,
Jean Cocteau,Les Parents Terribles,1948,
Jean Cocteau,Orpheus,1949,
Jean Cocteau,The Testament of Orpheus,1960,
The Coen Brothers,Blood Simple,1984,
The Coen Brothers,Raising Arizona,1987,
The Coen Brothers,Miller’s Crossing,1990,
The Coen Brothers,Barton Fink,1991,
The Coen Brothers,The Hudsucker Proxy,1994,
The Coen Brothers,Fargo,1996,
The Coen Brothers,The Big Lebowski,1998,
The Coen Brothers,"O Brother, Where Art Thou?",2000,
The Coen Brothers,The Man Who Wasn’t There,2001,
The Coen Brothers,Intolerable Cruelty,2003,
The Coen Brothers,The Ladykillers,2004,
The Coen Brothers,"Paris, Je T’aime",2006,
The Coen Brothers,No Country for Old Men,2007,
The Coen Brothers,Burn After Reading,2008,
The Coen Brothers,A Serious Man,2009,
The Coen Brothers,True Grit,2010,
The Coen Brothers,Inside Llewyn Davis,2013,
Chris Columbus,Adventures in Babysitting,1987,
Chris Columbus,Heartbreak Hotel,1988,
Chris Columbus,Home Alone,1990,
Chris Columbus,Only the Lonely,1991,
Chris Columbus,Home Alone 2: Lost in New York,1992,
Chris Columbus,Mrs. Doubtfire,1993,
Chris Columbus,Nine Months,1995,
Chris Columbus,Stepmom,1998,
Chris Columbus,Bicentennial Man,1999,
Chris Columbus,Harry Potter and the Sorcerer’s Stone,2001,
Chris Columbus,Harry Potter and the Chamber of Secrets,2002,
Chris Columbus,Rent,2005,
Chris Columbus,"I Love You, Beth Cooper",2009,
Chris Columbus,Percy Jackson & The Olympians: The Lightening Thief,2010,
Francis Ford Coppola,The Terror,1963,
Francis Ford Coppola,Dementia 13,1963,
Francis Ford Coppola,You’re a Big Boy Now,1966,
Francis Ford Coppola,Finian’s Rainbow,1968,
Francis Ford Coppola,The Rain People,1969,
Francis Ford Coppola,The Godfather,1972,
Francis Ford Coppola,The Conversation,1974,
Francis Ford Coppola,The Godfather Part II,1974,
Francis Ford Coppola,Apocalypse Now,1979,
Francis Ford Coppola,One from the Heart,1982,
Francis Ford Coppola,The Outsiders,1983,
Francis Ford Coppola,Rumble Fish,1983,
Francis Ford Coppola,The Cotton Club,1984,
Francis Ford Coppola,Peggy Sue Got Married,1986,
Francis Ford Coppola,Tucker: The Man and His Dream,1988,
Francis Ford Coppola,New York Stories: Life With Zoe,1989,
Francis Ford Coppola,The Godfather Part III,1990,
Francis Ford Coppola,Bram Stoker’s Dracula,1992,
Francis Ford Coppola,Jack,1996,
Francis Ford Coppola,The Rainmaker,1997,
Francis Ford Coppola,Youth Without Youth,2007,
Francis Ford Coppola,Tetro,2009,
Sofia Coppola,The Virgin Suicides,2000,
Sofia Coppola,Lost in Translation,2003,
Sofia Coppola,Marie Antoinette,2006,
Sofia Coppola,Somewhere,2010,
Sofia Coppola,The Bling Ring,2013,
David Cronenberg,Shivers,1975,
David Cronenberg,Rabid,1977,
David Cronenberg,Fast Company,1979,
David Cronenberg,The Brood,1979,
David Cronenberg,Scanners,1981,
David Cronenberg,Videodrome,1983,
David Cronenberg,The Dead Zone,1983,
David Cronenberg,The Fly,1986,
David Cronenberg,Dead Ringers,1988,
David Cronenberg,Naked Lunch,1991,
David Cronenberg,M. Butterfly,1993,
David Cronenberg,Crash,1996,
David Cronenberg,eXistenZ,1999,
David Cronenberg,Spider,2003,
David Cronenberg,A History of Violence,2005,
David Cronenberg,Eastern Promises,2007,
David Cronenberg,A Dangerous Method,2011,
David Cronenberg,Cosmopolis,2012,
David Cronenberg,Maps to the Stars,2014,
Cameron Crowe,Say Anything…,1989,
Cameron Crowe,Singles,1992,
Cameron Crowe,Jerry Maguire,1996,
Cameron Crowe,Almost Famous,2000,
Cameron Crowe,Vanilla Sky,2001,
Cameron Crowe,Elizabethtown,2005,
Cameron Crowe,Pearl Jam Twenty,2011,
Cameron Crowe,We Bought a Zoo,2011,
Cameron Crowe,Aloha,2015,
Frank Darabont,The Shawshank Redemption,1994,
Frank Darabont,The Green Mile,1999,
Frank Darabont,The Majestic,2001,
Frank Darabont,The Mist,2007,
Brian De Palma,Murder à la Mod,1968,
Brian De Palma,Greetings,1968,
Brian De Palma,The Wedding Party,1969,
Brian De Palma,Hi Mom!,1970,
Brian De Palma,Get to Know Your Rabbit,1972,
Brian De Palma,Sisters,1973,
Brian De Palma,Phantom of the Paradise,1974,
Brian De Palma,Obsession,1976,
Brian De Palma,Carrie,1976,
Brian De Palma,The Fury,1978,
Brian De Palma,Home Movies,1979,
Brian De Palma,Dressed to Kill,1980,
Brian De Palma,Blow Out,1981,
Brian De Palma,Scarface,1983,
Brian De Palma,Body Double,1984,
Brian De Palma,Wise Guys,1986,
Brian De Palma,The Untouchables,1987,
Brian De Palma,Casualties of War,1989,
Brian De Palma,The Bonfire of the Vanities,1990,
Brian De Palma,Raising Cain,1992,
Brian De Palma,Carlito’s Way,1993,
Brian De Palma,Mission Impossible,1996,
Brian De Palma,Snake Eyes,1998,
Brian De Palma,Mission to Mars,2000,
Brian De Palma,Femme Fatale,2002,
Brian De Palma,The Black Dahlia,2006,
Brian De Palma,Redacted,2007,
Vittorio De Sica,"Maddelena, Zero for Conduct",1940,
Vittorio De Sica,Teresa Friday,1941,
Vittorio De Sica,A Garibaldian Covenent,1942,
Vittorio De Sica,The Children Are Watching Us,1944,
Vittorio De Sica,The Gates of Heaven,1945,
Vittorio De Sica,Shoe-Shine,1947,
Vittorio De Sica,The Bicycle Thief,1948,
Vittorio De Sica,Miracle in Milan,1951,
Vittorio De Sica,Umberto D.,1952,
Vittorio De Sica,Terminal Station,1953,
Vittorio De Sica,The Gold of Naples,1954,
Vittorio De Sica,The Roof,1956,
Vittorio De Sica,Anna of Brooklyn,1958,
Vittorio De Sica,Two Women,1960,
Vittorio De Sica,The Last Judgement,1961,
Vittorio De Sica,The Condemned of Altona,1962,
Vittorio De Sica,Il Boom,1963,
Vittorio De Sica,"Yesterday, Today, and Tomorrow",1963,
Vittorio De Sica,Marriage Italian-Style,1964,
Vittorio De Sica,A New World,1966,
Vittorio De Sica,After the Fox,1966,
Vittorio De Sica,Woman Times Seven,1967,
Vittorio De Sica,Amanti,1968,
Vittorio De Sica,I Girasoli,1970,
Vittorio De Sica,The Garden of the Finzi-Continis,1970,
Vittorio De Sica,We Call Him Andrew,1972,
Vittorio De Sica,A Brief Vacation,1973,
Vittorio De Sica,The Voyage,1974,
Guillermo del Toro,Cronos,1993,
Guillermo del Toro,Mimic,1997,
Guillermo del Toro,The Devil’s Backbone,2001,
Guillermo del Toro,Blade II,2002,
Guillermo del Toro,Hellboy,2004,
Guillermo del Toro,Pan’s Labyrinth,2006,
Guillermo del Toro,Hellboy II: The Golden Army,2008,
Guillermo del Toro,Pacific Rim,2013,
Jonathan Demme,Caged Heat,1974,
Jonathan Demme,Crazy Mama,1975,
Jonathan Demme,Fighting Mad,1976,
Jonathan Demme,Citizen’s Band,1977,
Jonathan Demme,Last Embrace,1979,
Jonathan Demme,Melvin and Howard,1980,
Jonathan Demme,Swing Shift,1984,
Jonathan Demme,Stop Making Sense,1984,
Jonathan Demme,Something Wild,1986,
Jonathan Demme,Swimming to Cambodia,1987,
Jonathan Demme,Married to the Mob,1988,
Jonathan Demme,Silence of the Lambs,1991,
Jonathan Demme,Philadelphia,1993,
Jonathan Demme,Beloved,1998,
Jonathan Demme,The Truth About Charlie,2002,
Jonathan Demme,The Manchurian Candidate,2004,
Jonathan Demme,Neil Young: Heart of Gold,2006,
Jonathan Demme,Jimmy Carter Man From Plains,2007,
Jonathan Demme,Rachel Getting Married,2008,
Clint Eastwood,Play Misty for Me,1971,
Clint Eastwood,High Plains Drifter,1973,
Clint Eastwood,Breezy,1973,
Clint Eastwood,The Eiger Sanction,1975,
Clint Eastwood,The Outlaw Josey Wales,1976,
Clint Eastwood,The Gauntlet,1977,
Clint Eastwood,Bronco Billy,1980,
Clint Eastwood,Firefox,1982,
Clint Eastwood,Honkytonk Man,1982,
Clint Eastwood,Sudden Impact,1983,
Clint Eastwood,Pale Rider,1985,
Clint Eastwood,Heartbreak Ridge,1986,
Clint Eastwood,Bird,1988,
Clint Eastwood,White Hunter Black Heart,1990,
Clint Eastwood,The Rookie,1990,
Clint Eastwood,Unforgiven,1992,
Clint Eastwood,A Perfect World,1993,
Clint Eastwood,The Bridges of Madison County,1995,
Clint Eastwood,Absolute Power,1997,
Clint Eastwood,Midnight in the Garden of Good and Evil,1997,
Clint Eastwood,True Crime,1999,
Clint Eastwood,Space Cowboys,2000,
Clint Eastwood,Blood Work,2002,
Clint Eastwood,Mystic River,2003,
Clint Eastwood,Million Dollar Baby,2004,
Clint Eastwood,Flags of Our Fathers,2006,
Clint Eastwood,Letters from Iwo Jima,2006,
Clint Eastwood,Changeling,2008,
Clint Eastwood,Gran Torino,2008,
Clint Eastwood,Invictus,2009,
Clint Eastwood,Hereafter,2010,
Clint Eastwood,J. Edgar,2011,
Clint Eastwood,Jersey Boys,2014,
Clint Eastwood,American Sniper,2014,
Sergei Eisenstein,Strike,1925,
Sergei Eisenstein,Battleship Potemkin,1925,
Sergei Eisenstein,October,1927,
Sergei Eisenstein,Old and New,1929,
Sergei Eisenstein,Alexander Nevsky,1938,
Sergei Eisenstein,Ivan the Terrible,1945,
Sergei Eisenstein,Ivan the Terrible Part II,1958,
The Farelly Brothers,Dumb and Dumber,1994,
The Farelly Brothers,Kingpin,1996,
The Farelly Brothers,There’s Something About Mary,1998,
The Farelly Brothers,"Me, Myself, & Irene",2000,
The Farelly Brothers,Shallow Hal,2001,
The Farelly Brothers,Stuck on You,2003,
The Farelly Brothers,Fever Pitch,2005,
The Farelly Brothers,The Heartbreak Kid,2007,
The Farelly Brothers,Hall Pass,2011,
Jon Favreau,Made,2001,
Jon Favreau,Elf,2003,
Jon Favreau,Zathura: A Space Adventure,2005,
Jon Favreau,Iron Man,2008,
Jon Favreau,Iron Man 2,2010,
Jon Favreau,Cowboys & Aliens,2011,
Frederico Fellini,Variety Lights,1950,
Frederico Fellini,The White Sheik,1952,
Frederico Fellini,I Vitelloni,1953,
Frederico Fellini,La Strada,1954,
Frederico Fellini,The Swindle,1955,
Frederico Fellini,Nights of Cabiria,1957,
Frederico Fellini,La Dolce Vita,1960,
Frederico Fellini,8½,1963,
Frederico Fellini,Juliet of the Spirits,1965,
Frederico Fellini,Spirits of the Dead,1969,
Frederico Fellini,Satyricon,1969,
Frederico Fellini,Roma,1972,
Frederico Fellini,Amarcord,1974,
Frederico Fellini,Casanova,1976,
Frederico Fellini,Orchestral Rehearsal,1979,
Frederico Fellini,City of Women,1980,
Frederico Fellini,And the Ship Sails On,1983,
Frederico Fellini,Ginger and Fred,1986,
Frederico Fellini,Intervista,1987,
Frederico Fellini,The Voice of the Moon,1989,
Mike Figgis,Stormy Monday,1988,
Mike Figgis,Internal Affairs,1990,
Mike Figgis,Liebestraum,1991,
Mike Figgis,Mr. Jones,1993,
Mike Figgis,The Browning Version,1994,
Mike Figgis,Leaving Las Vegas,1995,
Mike Figgis,One Night Stand,1997,
Mike Figgis,The Loss of Sexual Innocence,1999,
Mike Figgis,Miss Julie,1999,
Mike Figgis,Time Code,2000,
Mike Figgis,Hotel,2001,
Mike Figgis,Cold Creek Manor,2003,
Mike Figgis,Love Live Long,2008,
David Fincher,Alien 3,1992,
David Fincher,Seven,1995,
David Fincher,The Game,1997,
David Fincher,Fight Club,1999,
David Fincher,Panic Room,2002,
David Fincher,Zodiac,2007,
David Fincher,The Curious Case of Benjamin Button,2008,
David Fincher,The Social Network,2010,
David Fincher,The Girl with the Dragon Tattoo,2011,
David Fincher,Gone Girl,2014,
Milos Forman,Competition,1963,
Milos Forman,Black Peter,1963,
Milos Forman,The Loves of a Blonde,1965,
Milos Forman,The Fireman’s Ball,1967,
Milos Forman,Taking Off,1971,
Milos Forman,I Miss Sonia Henie,1971,
Milos Forman,One Flew Over the Cuckoo’s Nest,1975,
Milos Forman,Hair,1979,
Milos Forman,Ragtime,1981,
Milos Forman,Amadeus,1984,
Milos Forman,Valmont,1989,
Milos Forman,The People vs. Larry Flynt,1996,
Milos Forman,Man on the Moon,1999,
Milos Forman,Goya’s Ghost,2006,
Milos Forman,A Walk Worthwhile,2009,
Stephen Frears,Gumshoe,1971,
Stephen Frears,Bloody Kids,1979,
Stephen Frears,The Hit,1984,
Stephen Frears,My Beautiful Laundrette,1985,
Stephen Frears,Walter and June,1986,
Stephen Frears,Prick Up Your Ears,1987,
Stephen Frears,Sammy and Rosie,1987,
Stephen Frears,Dangerous Liaisons,1988,
Stephen Frears,The Grifters,1990,
Stephen Frears,Hero,1992,
Stephen Frears,Mary Reilly,1996,
Stephen Frears,The Van,1996,
Stephen Frears,The Hi-Lo Country,1998,
Stephen Frears,High Fidelity,2000,
Stephen Frears,Liam,2000,
Stephen Frears,Dirty Pretty Things,2003,
Stephen Frears,Mrs. Henderson Presents,2005,
Stephen Frears,The Queen,2006,
Stephen Frears,Cheri,2009,
Stephen Frears,Tamara Drewe,2010,
William Friedkin,Good Times,1967,
William Friedkin,The Night They Raided Minsky’s,1968,
William Friedkin,The Birthday Party,1968,
William Friedkin,The Boys in the Band,1970,
William Friedkin,The French Connection,1971,
William Friedkin,The Exorcist,1973,
William Friedkin,Sorcerer,1977,
William Friedkin,The Brink’s Job,1978,
William Friedkin,Cruising,1980,
William Friedkin,Deal of the Century,1983,
William Friedkin,To Live and Die in L.A.,1985,
William Friedkin,Rampage,1988,
William Friedkin,The Guardian,1990,
William Friedkin,Blue Chips,1994,
William Friedkin,Jade,1995,
William Friedkin,Rules of Engagement,2000,
William Friedkin,The Hunted,2003,
William Friedkin,Bug,2006,
William Friedkin,Killer Joe,2012,
Samuel Fuller,I Shot Jesse James,1949,
Samuel Fuller,The Baron of Arizona,1950,
Samuel Fuller,The Steel Helmet,1951,
Samuel Fuller,Fixed Bayonets,1951,
Samuel Fuller,Park Row,1952,
Samuel Fuller,Pickup on South Street,1953,
Samuel Fuller,Hell and High Water,1954,
Samuel Fuller,House of Bamboo,1955,
Samuel Fuller,Run of the Arrow,1957,
Samuel Fuller,China Gate,1957,
Samuel Fuller,Forty Guns,1957,
Samuel Fuller,Verboten!,1959,
Samuel Fuller,The Crimson Kimono,1959,
Samuel Fuller,Underworld U.S.A.,1961,
Samuel Fuller,Merrill’s Marauders,1962,
Samuel Fuller,Shock Corridor,1963,
Samuel Fuller,The Naked Kiss,1964,
Samuel Fuller,Shark!,1969,
Samuel Fuller,The Big Red One,1980,
Samuel Fuller,White Dog,1982,
Samuel Fuller,Thieves After Dark,1984,
Samuel Fuller,Street of No Return,1989,
Mel Gibson,The Man Without a Face,1993,
Mel Gibson,Braveheart,1995,
Mel Gibson,The Passion of the Christ,2004,
Mel Gibson,Apocalypto,2006,
Terry Gilliam,And Now for Something Completely Different,1971,
Terry Gilliam,Monty Python and the Holy Grail,1975,
Terry Gilliam,Jabberwocky,1977,
Terry Gilliam,Time Bandits,1981,
Terry Gilliam,Monty Python’s The Meaning of Life,1983,
Terry Gilliam,Brazil,1985,
Terry Gilliam,The Adventures of Baron Munchausen,1988,
Terry Gilliam,The Fisher King,1991,
Terry Gilliam,12 Monkeys,1995,
Terry Gilliam,Fear and Loathing in Las Vegas,1998,
Terry Gilliam,The Brothers Grimm,2005,
Terry Gilliam,Tideland,2006,
Terry Gilliam,The Imaginarium of Dr. Parnassus,2009,
Jean-Luc Godard,Breathless,1961,
Jean-Luc Godard,A Woman is a Woman,1961,
Jean-Luc Godard,My Life to Live,1962,
Jean-Luc Godard,Contempt,1963,
Jean-Luc Godard,Band of Outsiders,1964,
Jean-Luc Godard,A Married Woman,1964,
Jean-Luc Godard,"Alphaville, a Strange Adventure of Lemmy Caution",1965,
Jean-Luc Godard,Crazy Pete,1965,
Jean-Luc Godard,Masculine-Feminine,1996,
Jean-Luc Godard,Made in U.S.A.,1966,
Jean-Luc Godard,Two or Three Things I Know About Her,1967,
Jean-Luc Godard,La Chinoise,1967,
Jean-Luc Godard,Week End,1967,
Jean-Luc Godard,Joyful Wisdom,1968,
Jean-Luc Godard,British Sounds,1970,
Jean-Luc Godard,One P.M.,1972,
Jean-Luc Godard,Number Two,1975,
Jean-Luc Godard,Here and Elsewhere,1976,
Jean-Luc Godard,Everyman for Himself,1979,
Jean-Luc Godard,Passion,1982,
Jean-Luc Godard,First Name: Carmen,1984,
Jean-Luc Godard,Hail Mary,1985,
Jean-Luc Godard,Detective,1985,
Jean-Luc Godard,Meeting Woody Allen,1986,
Jean-Luc Godard,Aria,1987,
Jean-Luc Godard,Keep Your Right Up,1987,
Jean-Luc Godard,King Lear,1987,
Jean-Luc Godard,New Wave,1990,
Jean-Luc Godard,Germany Year 90 Nine Zero,1991,
Jean-Luc Godard,"Oh, Woe is Me",1993,
Jean-Luc Godard,JLG/JLG – Slef-Portrait in December,1995,
Jean-Luc Godard,For Ever Mozart,1996,
Jean-Luc Godard,In Praise of Love,2001,
Jean-Luc Godard,Our Music,2004,
Michel Gondry,Human Nature,2001,
Michel Gondry,Eternal Sunshine of the Spotless Mind,2004,
Michel Gondry,The Science of Sleep,2006,
Michel Gondry,Be Kind Rewind,2008,
Michel Gondry,The Thorn in the Heart,2009,
Michel Gondry,The Green Hornet,2011,
David Gordon Green,George Washington,2000,
David Gordon Green,All the real Girls,2003,
David Gordon Green,Undertow,2004,
David Gordon Green,Snow Angels,2007,
David Gordon Green,Pineapple Express,2008,
David Gordon Green,Your Highness,2011,
David Gordon Green,Prince Avalanche,2013,
David Gordon Green,Joe,2014,
Paul Greengrass,Resurrected,1989,
Paul Greengrass,The Theory of Flight,1998,
Paul Greengrass,Bloody Sunday,2002,
Paul Greengrass,The Bourne Supremacy,2004,
Paul Greengrass,United 93,2006,
Paul Greengrass,The Bourne Ultimatum,2007,
Paul Greengrass,Green Zone,2010,
Christopher Guest,The Big Picture,1989,
Christopher Guest,Waiting for Guffman,1996,
Christopher Guest,Almost Heroes,1998,
Christopher Guest,Best in Show,2000,
Christopher Guest,A Mighty Wind,2003,
Christopher Guest,For Your Consideration,2006,
Davis Guggenheim,Gossip,2000,
Davis Guggenheim,An Inconvenient Truth,2006,
Davis Guggenheim,Gracie,2007,
Davis Guggenheim,It Might Get Loud,2008,
Davis Guggenheim,Waiting For Superman,2010,
Todd Haynes,Poison,1991,
Todd Haynes,Safe,1995,
Todd Haynes,Velvet Goldmine,1998,
Todd Haynes,Far From Heaven,2002,
Todd Haynes,I’m Not There,2007,
Werner Herzog,Signs of Life,1968,
Werner Herzog,Even Dwarfs Started Small,1971,
Werner Herzog,Land of Silence and Darkness,1971,
Werner Herzog,Fata Morgana,1971,
Werner Herzog,Aguirre: Wrath of God,1972,
Werner Herzog,The Great Ecstasy of Woodcarver Steiner,1974,
Werner Herzog,The Enigma of Kaspar Hauser,1974,
Werner Herzog,Heart of Glass,1976,
Werner Herzog,Stroszek,1977,
Werner Herzog,Woyzeck,1979,
Werner Herzog,Nosferatu the Vampyre,1979,
Werner Herzog,Fitzcarraldo,1982,
Werner Herzog,Where the Green Ants Dream,1984,
Werner Herzog,Cobra Verde,1988,
Werner Herzog,Herdsmen of the Sun,1988,
Werner Herzog,Lessons of Darkness,1992,
Werner Herzog,Little Dieter Needs to Fly,1997,
Werner Herzog,My Best Fiend,1999,
Werner Herzog,Invincible,2001,
Werner Herzog,Wheel of Time,2003,
Werner Herzog,The White Diamond,2004,
Werner Herzog,Grizzly Man,2005,
Werner Herzog,The Wild Blue Yonder,2005,
Werner Herzog,Rescue Dawn,2007,
Werner Herzog,Encounters at the End of the World,2008,
Werner Herzog,Bad Lieutenant: Port of Call New Orleans,2009,
Werner Herzog,"My Son, My Son, What Have Ye Done",2009,
Werner Herzog,Cave of Forgotten Dreams,2010,
Werner Herzog,Into the Abyss,2011,
Alfred Hitchcock,The Man Who Knew Too Much,1934,
Alfred Hitchcock,The 39 Steps,1935,
Alfred Hitchcock,Secret Agent,1936,
Alfred Hitchcock,Sabotage,1936,
Alfred Hitchcock,Young and Innocent,1937,
Alfred Hitchcock,The Lady Vanishes,1938,
Alfred Hitchcock,Jamaica Inn,1939,
Alfred Hitchcock,Rebecca,1940,
Alfred Hitchcock,Foreign Correspondent,1940,
Alfred Hitchcock,Mr. & Mrs. Smith,1941,
Alfred Hitchcock,Suspicion,1941,
Alfred Hitchcock,Saboteur,1942,
Alfred Hitchcock,Shadow of a Doubt,1943,
Alfred Hitchcock,Lifeboat,1944,
Alfred Hitchcock,Spellbound,1945,
Alfred Hitchcock,Notorious,1946,
Alfred Hitchcock,The Paradise Case,1947,
Alfred Hitchcock,Rope,1948,
Alfred Hitchcock,Under Capricorn,1949,
Alfred Hitchcock,Stage Fright,1950,
Alfred Hitchcock,Strangers on a Train,1951,
Alfred Hitchcock,I Confess,1953,
Alfred Hitchcock,Dial M for Murder,1954,
Alfred Hitchcock,Rear Window,1954,
Alfred Hitchcock,To Catch a Thief,1955,
Alfred Hitchcock,The Trouble with Harry,1955,
Alfred Hitchcock,The Wrong Man,1956,
Alfred Hitchcock,The Man Who Knew Too Much,1956,
Alfred Hitchcock,Vertigo,1958,
Alfred Hitchcock,North by Northwest,1959,
Alfred Hitchcock,Psycho,1960,
Alfred Hitchcock,The Birds,1963,
Alfred Hitchcock,Marnie,1964,
Alfred Hitchcock,Torn Curtain,1966,
Alfred Hitchcock,Topaz,1969,
Alfred Hitchcock,Frenzy,1972,
Alfred Hitchcock,Family Plot,1976,
Ron Howard,Grand Theft Auto,1977,
Ron Howard,Night Shift,1982,
Ron Howard,Splash,1984,
Ron Howard,Cocoon,1985,
Ron Howard,Gung Ho,1986,
Ron Howard,Willow,1988,
Ron Howard,Parenthood,1989,
Ron Howard,Backdraft,1991,
Ron Howard,Far and Away,1992,
Ron Howard,The Paper,1994,
Ron Howard,Apollo 13,1995,
Ron Howard,Ransom,1996,
Ron Howard,EdTV,1999,
Ron Howard,Dr. Suess’ How the Grinch Stole Christmas,2000,
Ron Howard,A Beautiful Mind,2001,
Ron Howard,The Missing,2003,
Ron Howard,Cinderella Man,2005,
Ron Howard,The Da Vinci Code,2006,
Ron Howard,Frost/Nixon,2008,
Ron Howard,Angels & Demons,2009,
Ron Howard,The Dilemma,2011,
Ron Howard,Rush,2013,
Ron Howard,In the Heart of the Sea,2015,
John Huston,The Maltese Falcon,1941,
John Huston,In This Our Life,1942,
John Huston,Across the Pacific,1942,
John Huston,Let There Be Light,1946,
John Huston,The Treasure of the Sierra Madre,1948,
John Huston,Key Largo,1948,
John Huston,We Were Strangers,1949,
John Huston,The Asphalt Jungle,1950,
John Huston,The Red Badge of Courage,1951,
John Huston,The African Queen,1951,
John Huston,Moulin Rouge,1952,
John Huston,Beat the Devil,1953,
John Huston,Moby Dick,1956,
John Huston,"Heaven Knows, Mr. Allison",1957,
John Huston,The Barbarian and the Geisha,1958,
John Huston,The Roots of Heaven,1958,
John Huston,The Unforgiven,1960,
John Huston,The Misfits,1961,
John Huston,Freud,1962,
John Huston,The List of Adrian Messenger,1963,
John Huston,The Night of the Iguana,1964,
John Huston,The Bible,1966,
John Huston,Casino Royale,1967,
John Huston,Reflections in a Golden Eye,1967,
John Huston,Sinful Davey,1969,
John Huston,A Walk with Love and Death,1969,
John Huston,The Kremiln Letter,1970,
John Huston,Fat City,1972,
John Huston,The Life and Times of Judge Roy Bean,1972,
John Huston,The Mackintosh Man,1973,
John Huston,The Man Who Would Be King,1975,
John Huston,Wise Blood,1979,
John Huston,Phobia,1980,
John Huston,Victory,1981,
John Huston,Annie,1982,
John Huston,Under the Valcano,1984,
John Huston,Prizzi’s Honor,1985,
John Huston,The Dead,1987,
Peter Jackson,Bad Taste,1987,
Peter Jackson,Meet the Feebles,1989,
Peter Jackson,Dead Alive,1982,
Peter Jackson,Heavenly Creatures,1994,
Peter Jackson,The Freighteners,1996,
Peter Jackson,The Lord of the Rings: The Fellowship of the Ring,2001,
Peter Jackson,The Lord of the Rings: The Two Towers,2002,
Peter Jackson,The Lord of the Rings: The Return of the King,2003,
Peter Jackson,King Kong,2005,
Peter Jackson,The Lovely Bones,2009,
Peter Jackson,The Hobbit: An Unexpected Journey,2012,
Peter Jackson,The Hobbit: The Desolation of Smaug,2013,
Peter Jackson,The Hobbit: The Battle of the Five Armies,2014,
Steve James,Hoop Dreams,1994,
Steve James,Prefontaine,1997,
Steve James,Stevie,2002,
Steve James,Reel Paradise,2005,
Steve James,The Interrupters,2011,
Jim Jarmusch,Permanent Vacation,1982,
Jim Jarmusch,Stranger Than Paradise,1984,
Jim Jarmusch,Down by Law,1986,
Jim Jarmusch,Mystery Train,1989,
Jim Jarmusch,Night on Earth,1991,
Jim Jarmusch,Dead Man,1995,
Jim Jarmusch,Year of the Horse,1997,
Jim Jarmusch,Ghost Dog: The Way of the Samurai,1999,
Jim Jarmusch,Coffee and Cigarettes,2004,
Jim Jarmusch,Broken Flowers,2005,
Jim Jarmusch,The Limits of Control,2009,
Jean-Pierre Jeunet,Delicatessen,1991,
Jean-Pierre Jeunet,The City of Lost Children,1995,
Jean-Pierre Jeunet,Alien: Resurrection,1997,
Jean-Pierre Jeunet,Amelie,2001,
Jean-Pierre Jeunet,A Very Long Engagement,2004,
Jean-Pierre Jeunet,Micmacs,2009,
Norman Jewison,40 Pounds of Trouble,1963,
Norman Jewison,The Thrill of it All,1963,
Norman Jewison,Send Me No Flowers,1964,
Norman Jewison,The Art of Love,1965,
Norman Jewison,The Cincinnati Kid,1965,
Norman Jewison,"The Russians Are Coming, The Russians Are Coming",1966,
Norman Jewison,In the Heat of the Night,1967,
Norman Jewison,The Thomas Crown Affair,1968,
Norman Jewison,"Gally, Gally",1969,
Norman Jewison,Fiddler on the Roof,1971,
Norman Jewison,Jesus Christ Superstar,1973,
Norman Jewison,Rollerball,1975,
Norman Jewison,F.I.S.T.,1978,
Norman Jewison,…And Justice for All,1979,
Norman Jewison,Best Friends,1982,
Norman Jewison,A Soldier’s Story,1984,
Norman Jewison,Agnes of God,1985,
Norman Jewison,Moonstruck,1987,
Norman Jewison,In Country,1989,
Norman Jewison,Other People’s Money,1991,
Norman Jewison,Only You,1994,
Norman Jewison,Bogus,1996,
Norman Jewison,The Hurricane,1999,
Norman Jewison,The Statement,2003,
Spike Jonze,Being John Malkovich,1999,
Spike Jonze,Adaptation,2002,
Spike Jonze,Where the Wild Things Are,2009,
Spike Jonze,Her,2013,
Neil Jordan,Angel,1981,
Neil Jordan,The Company of Wolves,1984,
Neil Jordan,Mona Lisa,1986,
Neil Jordan,High Spirits,1988,
Neil Jordan,We’re No Angels,1989,
Neil Jordan,The Miracle,1991,
Neil Jordan,The Crying Game,1992,
Neil Jordan,Interview with the Vampire,1994,
Neil Jordan,Michael Collins,1996,
Neil Jordan,The Butcher Boy,1997,
Neil Jordan,In Dreams,1999,
Neil Jordan,The End of the Affair,1999,
Neil Jordan,The Good Thief,2002,
Neil Jordan,Breakfast on Pluto,2005,
Neil Jordan,The Brave One,2007,
Neil Jordan,Ondine,2009,
Lawrence Kasdan,Body Heat,1981,
Lawrence Kasdan,The Big Chill,1983,
Lawrence Kasdan,Silverado,1985,
Lawrence Kasdan,The Accidental Tourist,1988,
Lawrence Kasdan,I Love You to Death,1990,
Lawrence Kasdan,Grand Canyon,1991,
Lawrence Kasdan,Wyatt Earp,1994,
Lawrence Kasdan,French Kiss,1995,
Lawrence Kasdan,Mumford,1999,
Lawrence Kasdan,Dreamcatcher,2003,
Elia Kazan,A Tree Grows in Brooklyn,1945,
Elia Kazan,The Sea of Grass,1947,
Elia Kazan,Gentleman’s Agreement,1947,
Elia Kazan,Boomerang!,1947,
Elia Kazan,Pinky,1949,
Elia Kazan,Panic in the Streets,1950,
Elia Kazan,A Streetcar Named Desire,1951,
Elia Kazan,Viva Zapata!,1952,
Elia Kazan,Man on a Tightrope,1953,
Elia Kazan,On the Waterfront,1954,
Elia Kazan,East of Eden,1955,
Elia Kazan,Baby Doll,1956,
Elia Kazan,A Face in the Crowd,1957,
Elia Kazan,Wild River,1960,
Elia Kazan,Splendor in the Grass,1961,
Elia Kazan,"America, America",1963,
Elia Kazan,The Arrangement,1969,
Elia Kazan,The Visitors,1972,
Elia Kazan,The Last Tycoon,1976,
Buster Keaton,The Three Ages,1923,
Buster Keaton,Our Hospitality,1923,
Buster Keaton,"Sherlock, Jr.",1924,
Buster Keaton,The Navigator,1924,
Buster Keaton,Seven Chances,1925,
Buster Keaton,Go West,1925,
Buster Keaton,Battling Butler,1926,
Buster Keaton,The General,1927,
Buster Keaton,College,1927,
Buster Keaton,"Steamboat Bill, Jr.",1928,
Buster Keaton,The Cameraman,1928,
Buster Keaton,Spite Marriage,1929,
Krzysztof Kieslowski,The Scar,1976,
Krzysztof Kieslowski,Camera Buff,1979,
Krzysztof Kieslowski,Blind Chance,1982,
Krzysztof Kieslowski,No End,1985,
Krzysztof Kieslowski,The Decalogue,1988,
Krzysztof Kieslowski,The Double Life of Veronique,1991,
Krzysztof Kieslowski,Blue,1993,
Krzysztof Kieslowski,White,1994,
Krzysztof Kieslowski,Red,1994,
Barbara Kopple,"Harlan County, USA",1976,
Barbara Kopple,American Dream,1991,
Barbara Kopple,Beyond JFK: The Question of Conspiracy,1992,
Barbara Kopple,Wild Man Blues,1997,
Barbara Kopple,Woodstock ’94,1998,
Barbara Kopple,A Conversation with Gregory Peck,1999,
Barbara Kopple,My Generation,2000,
Barbara Kopple,Havoc,2004,
Barbara Kopple,Shut Up & Sing,2006,
Stanley Kubrick,Fear and Desire,1953,
Stanley Kubrick,Killer’s Kiss,1955,
Stanley Kubrick,The Killing,1956,
Stanley Kubrick,Paths of Glory,1957,
Stanley Kubrick,Spartacus,1960,
Stanley Kubrick,Lolita,1961,
Stanley Kubrick,Dr. Strangelove or How I Learned to Stop Worrying and Love the Bomb,1964,
Stanley Kubrick,2001: A Space Odyssey,1968,
Stanley Kubrick,A Clockwork Orange,1971,
Stanley Kubrick,Barry Lyndon,1975,
Stanley Kubrick,The Shining,1980,
Stanley Kubrick,Full Metal Jacket,1987,
Stanley Kubrick,Eyes Wide Shut,1999,
Akira Kurosawa,Sanshiro Sugata,1943,
Akira Kurosawa,The Most Beautiful,1944,
Akira Kurosawa,Sanshiro Sugata Part Two,1945,
Akira Kurosawa,The Men Who Tread on the Tiger’s Tail,1945,
Akira Kurosawa,No Regrets for My Youth,1946,
Akira Kurosawa,One Wonderful Sunday,1947,
Akira Kurosawa,Drunken Angel,1948,
Akira Kurosawa,The Quiet Duel,1949,
Akira Kurosawa,Stray Dog,1949,
Akira Kurosawa,Scandal,1950,
Akira Kurosawa,Rashomon,1950,
Akira Kurosawa,The Idiot,1951,
Akira Kurosawa,Ikiru,1952,
Akira Kurosawa,Seven Samurai,1954,
Akira Kurosawa,I Live in Fear,1955,
Akira Kurosawa,Throne of Blood,1957,
Akira Kurosawa,The Lower Depths,1957,
Akira Kurosawa,The Hidden Fortress,1958,
Akira Kurosawa,The Bad Sleep Well,1960,
Akira Kurosawa,Yojimbo,1961,
Akira Kurosawa,Sanjuro,1962,
Akira Kurosawa,High and Low,1963,
Akira Kurosawa,Red Beard,1965,
Akira Kurosawa,Dodes’ka-den,1970,
Akira Kurosawa,Kagemusha,1980,
Akira Kurosawa,Ran,1985,
Akira Kurosawa,Dreams,1990,
Akira Kurosawa,Rhapsody in August,1991,
Akira Kurosawa,Madadayo,1993,
Neil LaBute,In the Company of Men,1997,
Neil LaBute,Your Friends and Neighbors,1998,
Neil LaBute,Nurse Betty,2000,
Neil LaBute,Possession,2002,
Neil LaBute,The Shape of Things,2003,
Neil LaBute,The Wicker Man,2006,
Neil LaBute,Lakeview Terrace,2008,
Neil LaBute,Death at a Funeral,2010,
Fritz Lang,Madame Butterfly,1919,
Fritz Lang,"The Spiders, Part 1: The Golden Lake",1919,
Fritz Lang,"The Spiders, Part 2: The Diamond Ship",1920,
Fritz Lang,The Wandering Image,1920,
Fritz Lang,Destiny,1921,
Fritz Lang,Dr. Mabuse: The Gambler,1922,
Fritz Lang,Siegfried,1924,
Fritz Lang,Kriemhild’s Revenge,1924,
Fritz Lang,Metropolis,1927,
Fritz Lang,Spies,1928,
Fritz Lang,Woman in the Moon,1929,
Fritz Lang,M,1931,
Fritz Lang,The Testament of Dr. Mabuse,1933,
Fritz Lang,Liliom,1934,
Fritz Lang,Fury,1936,
Fritz Lang,You Only Live Once,1937,
Fritz Lang,You and Me,1938,
Fritz Lang,The Return of Frank James,1940,
Fritz Lang,Western Union,1941,
Fritz Lang,Man Hunt,1941,
Fritz Lang,Hangmen Also Die,1943,
Fritz Lang,Ministry of Fear,1944,
Fritz Lang,The Woman in the Window,1945,
Fritz Lang,Scarlet Street,1945,
Fritz Lang,Cloak and Dagger,1946,
Fritz Lang,Secret Beyond the Door,1948,
Fritz Lang,House by the River,1950,
Fritz Lang,American Guerilla in the Phillippines,1950,
Fritz Lang,Rancho Notorious,1952,
Fritz Lang,Clash by Night,1952,
Fritz Lang,The Blue Gardenia,1953,
Fritz Lang,The Big Heat,1953,
Fritz Lang,Human Desire,1954,
Fritz Lang,Moonfleet,1955,
Fritz Lang,While the City Sleeps,1956,
Fritz Lang,Beyond a Reasonable Doubt,1956,
Fritz Lang,Tiger of Bengal,1959,
Fritz Lang,The Indian Tomb,1959,
Fritz Lang,Journey to the Lost City,1959,
Fritz Lang,"The 1,000 Eyes of Dr. Mabuse",1960,
David Lean,This Happy Breed,1944,
David Lean,Blithe Spirit,1945,
David Lean,Great Expectations,1946,
David Lean,Brief Encounter,1946,
David Lean,Oliver Twist,1948,
David Lean,The Passionate Friends,1949,
David Lean,Madeleine,1950,
David Lean,The Sound Barrier,1952,
David Lean,Hobson’s Choice,1954,
David Lean,Summertime,1955,
David Lean,The Bridge on the River Kwai,1957,
David Lean,Lawrence of Arabia,1962,
David Lean,Doctor Zhivago,1965,
David Lean,Ryan’s Daughter,1970,
David Lean,A Passage to India,1984,
Spike Lee,She’s Gotta Have It,1986,
Spike Lee,School Daze,1988,
Spike Lee,Do the Right Thing,1989,
Spike Lee,Mo’ Better Blues,1990,
Spike Lee,Jungle Fever,1991,
Spike Lee,Malcolm X,1992,
Spike Lee,Crooklyn,1994,
Spike Lee,Clockers,1995,
Spike Lee,Girl 6,1996,
Spike Lee,Get on the Bus,1996,
Spike Lee,4 Little Girls,1997,
Spike Lee,He Got Game,1998,
Spike Lee,Summer of Sam,1999,
Spike Lee,The Original Kings of Comedy,2000,
Spike Lee,Bamboozled,2000,
Spike Lee,25th Hour,2002,
Spike Lee,She Hate Me,2004,
Spike Lee,Inside Man,2006,
Spike Lee,Miracle at St. Anna,2008,
Spike Lee,Red Hook Summer,2012,
Spike Lee,Old Boy,2013,
Mike Leigh,Bleak Moments,1971,
Mike Leigh,High Hopes,1988,
Mike Leigh,Life is Sweet,1990,
Mike Leigh,Naked,1993,
Mike Leigh,Secrets & Lies,1996,
Mike Leigh,Career Girls,1997,
Mike Leigh,Topsy-Turvy,1999,
Mike Leigh,All or Nothing,2002,
Mike Leigh,Vera Drake,2004,
Mike Leigh,Happy-G-Lucky,2008,
Mike Leigh,Another Year,2010,
Sergio Leone,The Colossus of Rhodes,1961,
Sergio Leone,A Fistful of Dollars,1964,
Sergio Leone,For a Few Dollars More,1965,
Sergio Leone,"The Good, the Bad, and the Ugly",1966,
Sergio Leone,Once Upon a Time in the West,1968,
Sergio Leone,A Fistful of Dynamite,1971,
Sergio Leone,Once Upon a Time in America,1984,
Barry Levinson,Diner,1982,
Barry Levinson,The Natural,1984,
Barry Levinson,Young Sherlock Holmes,1985,
Barry Levinson,Tin Men,1987,
Barry Levinson,"Good Morning, Vietnam",1987,
Barry Levinson,Rain Man,1988,
Barry Levinson,Avalon,1990,
Barry Levinson,Bugsy,1991,
Barry Levinson,Toys,1992,
Barry Levinson,Jimmy Hollywood,1994,
Barry Levinson,Disclosure,1994,
Barry Levinson,Sleepers,1996,
Barry Levinson,Wag the Dog,1997,
Barry Levinson,Sphere,1998,
Barry Levinson,Liberty Heights,1999,
Barry Levinson,An Everlasting Piece,2000,
Barry Levinson,Bandits,2001,
Barry Levinson,Envy,2004,
Barry Levinson,Man of the Year,2006,
Barry Levinson,What Just Happened?,2008,
Barry Levinson,Poliwood,2009,
Richard Linklater,It’s Impossible to Learn How to Plow by Reading Books,1988,
Richard Linklater,Slacker,1991,
Richard Linklater,Dazed and Confused,1993,
Richard Linklater,Before Sunrise,1995,
Richard Linklater,SubUrbia,1996,
Richard Linklater,The Newton Boys,1998,
Richard Linklater,Waking Life,2001,
Richard Linklater,Tape,2001,
Richard Linklater,School of Rock,2003,
Richard Linklater,Before Sunset,2004,
Richard Linklater,Bad News Bears,2005,
Richard Linklater,Fast Food Nation,2006,
Richard Linklater,A Scanner Darkly,2006,
Richard Linklater,Me and Orson Welles,2009,
Richard Linklater,Bernie,2011,
Richard Linklater,Before Midnight,2013,
Richard Linklater,Boyhood,2014,
George Lucas,THX-1138,1970,
George Lucas,American Graffiti,1973,
George Lucas,Star Wars,1977,
George Lucas,"Star Wars, Episode I: The Phantom Menace",1999,
George Lucas,"Star Wars, Episode II: Attack of the Clones",2002,
George Lucas,"Star Wars, Episode III: Revenge of the Sith",2005,
Sidney Lumet,12 Angry Men,1957,
Sidney Lumet,Stage Struck,1958,
Sidney Lumet,That Kind of Woman,1959,
Sidney Lumet,The Fugitive Kind,1959,
Sidney Lumet,A View From the Bridge,1961,
Sidney Lumet,Long Day’s Journey Into Night,1962,
Sidney Lumet,The Pawnbroker,1964,
Sidney Lumet,Fail-Safe,1964,
Sidney Lumet,The Hill,1965,
Sidney Lumet,The Group,1966,
Sidney Lumet,The Deadly Affair,1966,
Sidney Lumet,Bye Bye Braverman,1968,
Sidney Lumet,The Sea Gull,1968,
Sidney Lumet,The Appointment,1969,
Sidney Lumet,Last of the Mobile Hot Shots,1970,
Sidney Lumet,The Anderson Tapes,1971,
Sidney Lumet,Child’s Play,1972,
Sidney Lumet,The Offence,1973,
Sidney Lumet,Serpico,1973,
Sidney Lumet,Lovin’ Molly,1974,
Sidney Lumet,Murder on the Orient Express,1974,
Sidney Lumet,Dog Day Afternoon,1975,
Sidney Lumet,Network,1976,
Sidney Lumet,Equus,1977,
Sidney Lumet,The Wiz,1978,
Sidney Lumet,Just Tell Me What You Want,1980,
Sidney Lumet,Prince of the City,1981,
Sidney Lumet,Deathtrap,1982,
Sidney Lumet,The Verdict,1982,
Sidney Lumet,Daniel,1983,
Sidney Lumet,Garbo Talks,1984,
Sidney Lumet,Power,1986,
Sidney Lumet,The Moring After,1986,
Sidney Lumet,Running on Empty,1988,
Sidney Lumet,Family Business,1989,
Sidney Lumet,Q & A,1990,
Sidney Lumet,A Stranger Among Us,1992,
Sidney Lumet,Guilty as Sin,1993,
Sidney Lumet,Night Falls on Manhattan,1997,
Sidney Lumet,Critical Care,1997,
Sidney Lumet,Gloria,1999,
Sidney Lumet,Find Me Guilty,2006,
Sidney Lumet,Before the Devil Knows You’re Dead,2007,
David Lynch,Eraserhead,1977,
David Lynch,The Elephant man,1980,
David Lynch,Dune,1984,
David Lynch,Blue Velvet,1986,
David Lynch,Wild at Heart,1990,
David Lynch,Lost Highway,1997,
David Lynch,The Straight Story,1999,
David Lynch,Mulholland Drive,2001,
David Lynch,Inland Empire,2006,
Majid Majidi,God Shall Come,1995,
Majid Majidi,The Father,1996,
Majid Majidi,Children of Heaven,1997,
Majid Majidi,The Color of Paradise,1999,
Majid Majidi,Baran,2001,
Majid Majidi,Barefoot to Herat,2002,
Majid Majidi,The Willow Tree,2005,
Majid Majidi,The Song of Sparrows,2008,
Terrence Malick,Badlands,1973,
Terrence Malick,Days of Heaven,1978,
Terrence Malick,The Thin Red Line,1998,
Terrence Malick,The New World,2005,
Terrence Malick,The Tree of Life,2011,
Terrence Malick,To the Wonder,2012,
Louis Malle,The Silent World,1956,
Louis Malle,Elevator to the Gallows,1958,
Louis Malle,The Lovers,1958,
Louis Malle,Zazie dans le Metro,1959,
Louis Malle,A Very Private Affair,1961,
Louis Malle,The Fire Within,1963,
Louis Malle,Viva Maria!,1965,
Louis Malle,The Thief of Paris,1967,
Louis Malle,Murmur of the Heart,1971,
Louis Malle,Lacombe Lucien,1974,
Louis Malle,Damage,1974,
Louis Malle,Black Moon,1975,
Louis Malle,Pretty Baby,1978,
Louis Malle,Atlantic City,1980,
Louis Malle,My Dinner with Andre,1981,
Louis Malle,Crackers,1984,
Louis Malle,Alamo Bay,1985,
Louis Malle,Au Revoir Les Enfants,1987,
Louis Malle,May Fools,1990,
Louis Malle,Damage,1992,
Louis Malle,Vanya on 42nd Street,1994,
David Mamet,House of Games,1987,
David Mamet,Things Change,1988,
David Mamet,Homicide,1991,
David Mamet,Oleanna,1994,
David Mamet,The Spanish Prisoner,1997,
David Mamet,The Winslow Boy,1999,
David Mamet,State and Main,2000,
David Mamet,Heist,2001,
David Mamet,Spartan,2004,
David Mamet,Redbelt,2008,
James Mangold,Heavy,1995,
James Mangold,Copland,1997,
James Mangold,"Girl, Interrupted",1999,
James Mangold,Kate & Leopold,2001,
James Mangold,Identity,2003,
James Mangold,Walk the Line,2005,
James Mangold,3:10 to Yuma,2007,
James Mangold,Knight and Day,2010,
Michael Mann,Thief,1981,
Michael Mann,The Keep,1983,
Michael Mann,Manhunter,1986,
Michael Mann,The Last of the Mohicans,1992,
Michael Mann,Heat,1995,
Michael Mann,The Insider,1999,
Michael Mann,Ali,2000,
Michael Mann,Collateral,2004,
Michael Mann,Miami Vice,2006,
Michael Mann,Public Enemies,2009,
Sam Mendes,American Beauty,1999,
Sam Mendes,Road to Perdition,2002,
Sam Mendes,Jarhead,2005,
Sam Mendes,Revolutionary Road,2008,
Sam Mendes,Away We Go,2009,
Penny Marshall,Jumpin’ Jack Flash,1986,
Penny Marshall,Big,1988,
Penny Marshall,Awakenings,1990,
Penny Marshall,A League of Their Own,1992,
Penny Marshall,Renaissance Man,1994,
Penny Marshall,The Preacher’s Wife,1996,
Penny Marshall,Riding in Cars with Boys,2001,
Hayao Miyazaki,The Castle of Cagliostro,1979,
Hayao Miyazaki,Nausicaa of the Valley of the Wind,1984,
Hayao Miyazaki,Castle in the Sky,1986,
Hayao Miyazaki,My Neighbor Totoro,1986,
Hayao Miyazaki,Kiki’s Delivery Service,1989,
Hayao Miyazaki,Porco Rosso,1992,
Hayao Miyazaki,Princess Mononoke,1997,
Hayao Miyazaki,Spirited Away,2002,
Hayao Miyazaki,Howl’s Moving Castle,2005,
Hayao Miyazaki,Ponyo,2009,
Hayao Miyazaki,The Wind Rises,2013,
Michael Moore,Roger & Me,1989,
Michael Moore,Canadian Bacon,1995,
Michael Moore,The Big One,1997,
Michael Moore,Bowling for Columbine,2002,
Michael Moore,Fahrenheit 9/11,2004,
Michael Moore,Sicko,2007,
Michael Moore,Slacker Uprising,2007,
Michael Moore,Capitalism: A Love Story,2009,
Errol Morris,Gates of Heaven,1978,
Errol Morris,"Vernon, Florida",1981,
Errol Morris,The Thin Blue Line,1988,
Errol Morris,The Dark Wind,1991,
Errol Morris,A Brief History of Time,1992,
Errol Morris,"Fast, Cheap, & Out of Control",1997,
Errol Morris,"Mr. Death: The Rise and Fall of Fred A. Leuchter, Jr.",1999,
Errol Morris,The Fog of War,2003,
Errol Morris,Standard Operating Procedure,2008,
Errol Morris,Tabloid,2010,
Errol Morris,The Unknown Known,2013,
F. W. Murneau,Burning Soil,1922,
F. W. Murneau,Nosferatu,1922,
F. W. Murneau,Phantom,1922,
F. W. Murneau,The Last Laugh,1924,
F. W. Murneau,Finances of the Grand Duke,1924,
F. W. Murneau,Tantuffe,1926,
F. W. Murneau,Faust,1926,
F. W. Murneau,Sunrise,1927,
F. W. Murneau,City Girl,1930,
F. W. Murneau,Tabu,1931,
Mike Nichols,Who’s Afraid of Virginia Woolf?,1966,
Mike Nichols,The Graduate,1967,
Mike Nichols,Catch-22,1970,
Mike Nichols,Carnal Knowledge,1971,
Mike Nichols,The Day of the Dolphin,1973,
Mike Nichols,The Fortune,1975,
Mike Nichols,Gilda Live,1980,
Mike Nichols,Silkwood,1983,
Mike Nichols,Heartburn,1986,
Mike Nichols,Biloxi Blues,1988,
Mike Nichols,Working Girl,1988,
Mike Nichols,Postcards from the Edge,1990,
Mike Nichols,Regarding Henry,1991,
Mike Nichols,Wolf,1994,
Mike Nichols,The Birdcage,1996,
Mike Nichols,Primary Colors,1998,
Mike Nichols,What Planet are You From?,2000,
Mike Nichols,Wit,2001,
Mike Nichols,Closer,2004,
Mike Nichols,Charlie Wilson’s War,2007,
Christopher Nolan,Following,1998,
Christopher Nolan,Memento,2001,
Christopher Nolan,Insomnia,2002,
Christopher Nolan,Batman Begins,2005,
Christopher Nolan,The Prestige,2006,
Christopher Nolan,The Dark Knight,2008,
Christopher Nolan,Inception,2010,
Christopher Nolan,The Dark Knight Rises,2012,
Christopher Nolan,Interstellar,2014,
Alan Parker,Bugsy Malone,1976,
Alan Parker,Midnight Express,1978,
Alan Parker,Fame,1980,
Alan Parker,Shoot the Moon,1982,
Alan Parker,Pink Floyd: The Wall,1982,
Alan Parker,Birdy,1984,
Alan Parker,Angel Heart,1987,
Alan Parker,Mississippi Burning,1988,
Alan Parker,Come See the Paradise,1990,
Alan Parker,The Commitments,1991,
Alan Parker,The Road to Wellville,1994,
Alan Parker,Evita,1996,
Alan Parker,Angela’s Ashes,1999,
Alan Parker,The Life of David Gale,2002,
Alan J. Pakula,The Sterile Cuckoo,1969,
Alan J. Pakula,Klute,1971,
Alan J. Pakula,Love and Pain and the Whole Damn Thing,1973,
Alan J. Pakula,The Parallex View,1974,
Alan J. Pakula,All the President’s Men,1976,
Alan J. Pakula,Comes a Horseman,1978,
Alan J. Pakula,Starting Over,1979,
Alan J. Pakula,Roll Over,1981,
Alan J. Pakula,Sophie’s Choice,1982,
Alan J. Pakula,Dream Lover,1986,
Alan J. Pakula,Orphans,1987,
Alan J. Pakula,See You in the Morning,1989,
Alan J. Pakula,Presumed Innocent,1989,
Alan J. Pakula,Consenting Adults,1992,
Alan J. Pakula,The Pelican Brief,1992,
Alan J. Pakula,The Devil’s Own,1997,
Alexander Payne,Citizen Ruth,1996,
Alexander Payne,Election,1999,
Alexander Payne,About Schmidt,2002,
Alexander Payne,Sideways,2004,
Alexander Payne,"Paris, Je T’aime",2006,
Alexander Payne,The Descendants,2011,
Alexander Payne,Nebraska,2013,
Sam Peckinpah,The Deadly Companions,1961,
Sam Peckinpah,Ride the High Country,1962,
Sam Peckinpah,Major Dundee,1965,
Sam Peckinpah,The Wild Bunch,1969,
Sam Peckinpah,The Ballad of Cable Hogue,1970,
Sam Peckinpah,Straw Dogs,1971,
Sam Peckinpah,Junior Bonner,1972,
Sam Peckinpah,The Getaway,1972,
Sam Peckinpah,Pat Garrett and Billy the Kid,1973,
Sam Peckinpah,Bring Me the Head of Alfredo Garcia,1974,
Sam Peckinpah,The Killer Elite,1975,
Sam Peckinpah,Cross of Iron,1977,
Sam Peckinpah,Convoy,1978,
Sam Peckinpah,The Osterman,1983,
Arthur Penn,The Laft Handed Gun,1958,
Arthur Penn,The Miracle Worker,1962,
Arthur Penn,Mickey One,1965,
Arthur Penn,The Chase,1966,
Arthur Penn,Bonnie and Clyde,1967,
Arthur Penn,Alice’s Restaurant,1969,
Arthur Penn,Little Big Man,1970,
Arthur Penn,Night Moves,1975,
Arthur Penn,The Missouri Breaks,1976,
Arthur Penn,Four Friends,1981,
Arthur Penn,Target,1985,
Arthur Penn,Dead of Winter,1987,
Arthur Penn,Penn & Teller Get Killer,1989,
Sean Penn,The Indian Runner,1991,
Sean Penn,The Crossing Guard,1995,
Sean Penn,The Pledge,2001,
Sean Penn,Into the Wild,2007,
Wolfgang Petersen,One or the Other,1973,
Wolfgang Petersen,The Consequence,1977,
Wolfgang Petersen,Das Boot,1981,
Wolfgang Petersen,The Neverending Story,1984,
Wolfgang Petersen,Enemy Mine,1985,
Wolfgang Petersen,Shattered,1991,
Wolfgang Petersen,In the Line of Fire,1993,
Wolfgang Petersen,Outbreak,1995,
Wolfgang Petersen,Air Force One,1997,
Wolfgang Petersen,The Perfect Storm,2000,
Wolfgang Petersen,Troy,2004,
Wolfgang Petersen,Poseidon,2006,
Roman Polanski,Knife in the Water,1962,
Roman Polanski,Repulsion,1965,
Roman Polanski,Cul-de-sac,1966,
Roman Polanski,The Fearless Vampire Killers,1967,
Roman Polanski,Rosemary’s Baby,1968,
Roman Polanski,Macbeth,1971,
Roman Polanski,What?,1973,
Roman Polanski,Chinatown,1974,
Roman Polanski,The Tenant,1976,
Roman Polanski,Tess,1979,
Roman Polanski,Pirates,1986,
Roman Polanski,Frantic,1988,
Roman Polanski,Bitter Moon,1992,
Roman Polanski,Death and the Maiden,1994,
Roman Polanski,The Ninth Gate,1999,
Roman Polanski,The Pianist,2002,
Roman Polanski,Oliver Twist,2005,
Roman Polanski,The Ghost Writer,2010,
Roman Polanski,Carnage,2011,
The Polish brothers,Twin Falls Idaho,1999,
The Polish brothers,Jackpot,2001,
The Polish brothers,Northfolk,2003,
The Polish brothers,The Astronaut Farmer,2006,
The Polish brothers,The Smell of Success,2009,
Satyajit Ray,Pather Panchali,1955,
Satyajit Ray,Aparajito,1957,
Satyajit Ray,Parash Pather,1958,
Satyajit Ray,The Music Room,1958,
Satyajit Ray,The World of Apu,1959,
Satyajit Ray,The Godess,1960,
Satyajit Ray,Two Daughters,1961,
Satyajit Ray,Kanchenjungha,1962,
Satyajit Ray,The Expedition,1962,
Satyajit Ray,The Big City,1963,
Satyajit Ray,The Lonely Wife,1963,
Satyajit Ray,The Priest,1965,
Satyajit Ray,The Coward,1965,
Satyajit Ray,The Hero,1966,
Satyajit Ray,The Zoo,1967,
Satyajit Ray,The Adventures of Goopy and Bagha,1968,
Satyajit Ray,The Adversary,1970,
Satyajit Ray,Company Limited,1971,
Satyajit Ray,Distant Thunder,1973,
Satyajit Ray,The Golden Fortress,1974,
Satyajit Ray,The Middlemen,1976,
Satyajit Ray,The Chess Players,1977,
Satyajit Ray,The Elephant God,1978,
Satyajit Ray,The Home and the World,1984,
Satyajit Ray,An Enemy of the People,1989,
Satyajit Ray,The Branches of the Tree,1990,
Satyajit Ray,The Stranger,1991,
Robert Redford,Ordinary People,1980,
Robert Redford,The Milagro Beanfield War,1988,
Robert Redford,A River Runs Through It,1992,
Robert Redford,Quiz Show,1994,
Robert Redford,The Horse Whisperer,1998,
Robert Redford,The Legend of Bagger Vance,2000,
Robert Redford,Lions For Lambs,2007,
Robert Redford,The Conspirator,2011,
Rob Reiner,This Is Spinal Tap!,1984,
Rob Reiner,The Sure Thing,1985,
Rob Reiner,Stand By Me,1986,
Rob Reiner,The Princess Bride,1987,
Rob Reiner,When Harry Met Sally…,1989,
Rob Reiner,Misery,1990,
Rob Reiner,A Few Good Men,1992,
Rob Reiner,North,1994,
Rob Reiner,The American President,1995,
Rob Reiner,Ghosts of Mississippi,1996,
Rob Reiner,The Story of Us,1999,
Rob Reiner,Alex & Emma,2003,
Rob Reiner,Rumor Has It…,2005,
Rob Reiner,The Bucket List,2007,
Rob Reiner,Flipped,2010,
Rob Reiner,The Magic of Belle Isle,2012,
Jean Renoir,La Chienne,1931,
Jean Renoir,Night at the Crossroads,1932,
Jean Renoir,Boudu Saved From Drowning,1932,
Jean Renoir,Madame Bovary,1933,
Jean Renoir,Toni,1934,
Jean Renoir,A Day in the Country,1936,
Jean Renoir,The Crime of Monsieur Lange,1936,
Jean Renoir,The Lower Depths,1936,
Jean Renoir,Grand Illusion,1937,
Jean Renoir,La Marseillaise,1938,
Jean Renoir,The Human Beast,1938,
Jean Renoir,The Rules of the Game,1939,
Jean Renoir,Swamp Water,1941,
Jean Renoir,This Land is Mine,1943,
Jean Renoir,The Southerner,1945,
Jean Renoir,The Diary of a Chambermaid,1946,
Jean Renoir,The Woman on the Beach,1947,
Jean Renoir,The River,1951,
Jean Renoir,The Golden Coach,1952,
Jean Renoir,French Cancan,1955,
Jean Renoir,Elena and Her Men,1956,
Jean Renoir,Lunch on the Grass,1959,
Jean Renoir,The Elusive Corporal,1962,
Guy Ritchie,"Lock, Stock, & Two Smoking Barrels",1998,
Guy Ritchie,Snatch,2001,
Guy Ritchie,Swept Away,2002,
Guy Ritchie,Revolver,2005,
Guy Ritchie,RocknRolla,2008,
Guy Ritchie,Sherlock Holmes,2009,
Guy Ritchie,Sherlock Holmes: A Game of Shadows,2011,
Roberto Rossellini,A Pilot Returns,1942,
Roberto Rossellini,The Man With a Cross,1943,
Roberto Rossellini,"Rome, Open City",1945,
Roberto Rossellini,Paisan,1946,
Roberto Rossellini,Germany Year Zero,1948,
Roberto Rossellini,Stromboli,1950,
Roberto Rossellini,The Flowers of St. Francis,1950,
Roberto Rossellini,The Machine That Kills Bad People,1952,
Roberto Rossellini,Europa '51,1952,
Roberto Rossellini,Where is Freedom?,1954,
Roberto Rossellini,Journey to Italy,1954,
Roberto Rossellini,Fear,1954,
Roberto Rossellini,Joan of Arc at the Stake,1954,
Roberto Rossellini,India: Matri Bhumi,1959,
Roberto Rossellini,General Della Rovere,1959,
Roberto Rossellini,Escape by Night,1960,
Roberto Rossellini,Garibaldi,1961,
Roberto Rossellini,Vanina Vanini,1961,
Roberto Rossellini,Anima Nera,1962,
Roberto Rossellini,Year One,1974,
Roberto Rossellini,The Messiah,1975,
David O. Russell,Spanking the Monkey,1994,
David O. Russell,Flirting with Disaster,1996,
David O. Russell,Three Kings,1999,
David O. Russell,I ♥ Huckabees,2004,
David O. Russell,The Fighter,2010,
David O. Russell,Silver Linings Playbook,2012,
David O. Russell,American Hustle,2013,
John Sayles,Return of the Secaucus 7,1980,
John Sayles,Lianna,1983,
John Sayles,"Baby, It’s You",1983,
John Sayles,Brother from Another Planet,1984,
John Sayles,Matewan,1987,
John Sayles,Eight Men Out,1988,
John Sayles,City of Hope,1991,
John Sayles,Passion Fish,1992,
John Sayles,The Secret of Roan Inish,1994,
John Sayles,Lone Star,1996,
John Sayles,Men With Guns,1997,
John Sayles,Limbo,1999,
John Sayles,Sunshine State,2001,
John Sayles,Casa De Los Babys,2003,
John Sayles,Silver City,2004,
John Sayles,Honeydripper,2007,
John Sayles,Amigo,2010,
John Schlesinger, A Kind of Loving,1962,
John Schlesinger,Billy Liar,1963,
John Schlesinger,Darling,1965,
John Schlesinger,Far From the Madding Crowd,1967,
John Schlesinger,Midnight Cowboy,1969,
John Schlesinger,Sunday Bloody Sunday,1971,
John Schlesinger,The Day of the Locust,1975,
John Schlesinger,Marathon Man,1976,
John Schlesinger,Yanks,1979,
John Schlesinger,Honky Tonk Freeway,1981,
John Schlesinger,The Falcon and the Snowman,1984,
John Schlesinger,The Believers,1987,
John Schlesinger,Madame Sousatzka,1988,
John Schlesinger,Pacific Heights,1990,
John Schlesinger,A Question of Attribution,1992,
John Schlesinger,The Innocent,1993,
John Schlesinger,Eye for an Eye,1996,
John Schlesinger,The Next Best Thing,2000,
Martin Scorsese,Who’s That Knocking on My Door?,1967,
Martin Scorsese,Boxcar Bertha,1972,
Martin Scorsese,Mean Streets,1973,
Martin Scorsese,Italianamerican,1974,
Martin Scorsese,Alice Doesn’t Live Here Anymore,1974,
Martin Scorsese,Taxi Driver,1976,
Martin Scorsese,"New York, New York",1977,
Martin Scorsese,The Last Waltz,1978,
Martin Scorsese,American Boy: A Profile of Steven Prince,1978,
Martin Scorsese,Raging Bull,1980,
Martin Scorsese,The King of Comedy,1983,
Martin Scorsese,After Hours,1985,
Martin Scorsese,The Color of Money,1986,
Martin Scorsese,The Last Temptation of Christ,1988,
Martin Scorsese,New York Stories: Life Lessons,1989,
Martin Scorsese,Goodfellas,1990,
Martin Scorsese,Made in Milan,1990,
Martin Scorsese,Cape Fear,1991,
Martin Scorsese,The Age of Innocence,1993,
Martin Scorsese,Casino,1995,
Martin Scorsese,Kundun,1997,
Martin Scorsese,My Voyage to Italy,1999,
Martin Scorsese,Bringing Out the Dead,1999,
Martin Scorsese,Gangs of New York,2002,
Martin Scorsese,The Aviator,2004,
Martin Scorsese,No Direction Home: Bob Dylan,2005,
Martin Scorsese,The Departed,2006,
Martin Scorsese,Shine a Light,2008,
Martin Scorsese,Shutter Island,2010,
Martin Scorsese,Public Speaking,2010,
Martin Scorsese,Hugo,2011,
Martin Scorsese,George Harrison: Living in the Material World,2011,
Martin Scorsese,The Wolf of Wall Street,2013,
Ridley Scott,The Dualists,1977,
Ridley Scott,Alien,1979,
Ridley Scott,Blade Runner,1982,
Ridley Scott,Legend,1985,
Ridley Scott,Someone to Watch Over Me,1987,
Ridley Scott,Black Rain,1989,
Ridley Scott,Thelma & Louise,1991,
Ridley Scott,1492: Conquest of Paradise,1992,
Ridley Scott,White Squall,1996,
Ridley Scott,G.I. Jane,1997,
Ridley Scott,Gladiator,2000,
Ridley Scott,Hannibal,2001,
Ridley Scott,Black Hawk Down,2001,
Ridley Scott,Matchstick Men,2003,
Ridley Scott,Kingdom of Heaven,2005,
Ridley Scott,A Good Year,2006,
Ridley Scott,American Gangster,2007,
Ridley Scott,Body of Lies,2008,
Ridley Scott,Robin Hood,2010,
Ridley Scott,Prometheus,2012,
Ridley Scott,Exodus,2014,
Jim Sheridan,My Left Foot,1989,
Jim Sheridan,The Field,1990,
Jim Sheridan,In the Name of the Father,1993,
Jim Sheridan,The Boxer,1997,
Jim Sheridan,In America,2003,
Jim Sheridan,Get Rich or Die Tryin’,2005,
Jim Sheridan,Brothers,2009,
M. Night Shyamalan,Praying With Anger,1992,
M. Night Shyamalan,Wide Awake,1998,
M. Night Shyamalan,The Sixth Sense,1999,
M. Night Shyamalan,Unbreakable,2000,
M. Night Shyamalan,Signs,2002,
M. Night Shyamalan,The Village,2004,
M. Night Shyamalan,Lady in the Water,2006,
M. Night Shyamalan,The Happening,2008,
M. Night Shyamalan,The Last Airbender,2010,
M. Night Shyamalan,The Visit,2015,
Bryan Singer,Public Access,1993,
Bryan Singer,The Usual Suspects,1995,
Bryan Singer,Apt Pupil,1998,
Bryan Singer,X-Men,2000,
Bryan Singer,X2: X-Men United,2003,
Bryan Singer,Superman Returns,2006,
Bryan Singer,Valkyrie,2008,
Steven Soderbergh,"Sex, Lies, and Videotape",1989,
Steven Soderbergh,Kafka,1991,
Steven Soderbergh,King of the Hill,1993,
Steven Soderbergh,Underneath,1995,
Steven Soderbergh,Gray’s Anatomy,1996,
Steven Soderbergh,Schizopolis,1996,
Steven Soderbergh,Out of Sight,1998,
Steven Soderbergh,The Limey,1999,
Steven Soderbergh,Erin Brokovich,2000,
Steven Soderbergh,Traffic,2000,
Steven Soderbergh,Ocean’s Eleven,2001,
Steven Soderbergh,Full Frontal,2002,
Steven Soderbergh,Solaris,2002,
Steven Soderbergh,Ocean’s Twelve,2004,
Steven Soderbergh,Bubble,2006,
Steven Soderbergh,The Good German,2006,
Steven Soderbergh,Ocean’s Thirteen,2007,
Steven Soderbergh,Che,2008,
Steven Soderbergh,The Girlfriend Experience,2009,
Steven Soderbergh,The Informant!,2009,
Steven Soderbergh,And Everything is Going Fine,2010,
Steven Soderbergh,Contagion,2011,
Steven Spielberg,The Sugarland Express,1974,
Steven Spielberg,Jaws,1975,
Steven Spielberg,Close Encounters of the Third Kind,1977,
Steven Spielberg,1941,1979,
Steven Spielberg,Raiders of the Lost Ark,1981,
Steven Spielberg,E.T. the Extra-Terrestrial,1982,
Steven Spielberg,Indiana Jones and the Temple of Doom,1984,
Steven Spielberg,The Color Purple,1985,
Steven Spielberg,Empire of the Sun,1987,
Steven Spielberg,Indiana Jones and the Last Crusade,1989,
Steven Spielberg,Always,1989,
Steven Spielberg,Hook,1991,
Steven Spielberg,Jurassic Park,1993,
Steven Spielberg,Schindler’s List,1993,
Steven Spielberg,Lost World,1997,
Steven Spielberg,Amistad,1997,
Steven Spielberg,Saving Private Ryan,1998,
Steven Spielberg,A.I. Artificial Intelligence,2001,
Steven Spielberg,Minority Report,2002,
Steven Spielberg,Catch Me if You Can,2002,
Steven Spielberg,The Terminal,2004,
Steven Spielberg,The War of the Worlds,2005,
Steven Spielberg,Munich,2005,
Steven Spielberg,Indiana Jones and The Kingdom of the Crystal Skull,2008,
Steven Spielberg,Warhorse,2011,
Steven Spielberg,The Adventures of Tintin,2011,
Steven Spielberg,Lincoln,2012,
Oliver Stone,Seizure,1974,
Oliver Stone,Mad Man of Martinique,1979,
Oliver Stone,The Hand,1981,
Oliver Stone,Salvador,1986,
Oliver Stone,Platoon,1986,
Oliver Stone,Wall Street,1987,
Oliver Stone,Talk Radio,1988,
Oliver Stone,Born on the Fourth of July,1989,
Oliver Stone,The Doors,1991,
Oliver Stone,JKF,1991,
Oliver Stone,Heaven & Earth,1993,
Oliver Stone,Natural Born Killers,1994,
Oliver Stone,Nixon,1995,
Oliver Stone,U Turn,1997,
Oliver Stone,Any Given Sunday,1999,
Oliver Stone,Comandante,2003,
Oliver Stone,Alexander,2004,
Oliver Stone,World Trade Center,2006,
Oliver Stone,W.,2008,
Oliver Stone,Wall Street: Money Never Sleeps,2010,
Oliver Stone,Savages,2012,
Quentin Tarantino,Reservoir Dogs,1992,
Quentin Tarantino,Pulp Fiction,1994,
Quentin Tarantino,Four Rooms,1995,
Quentin Tarantino,Jackie Brown,1997,
Quentin Tarantino,Kill Bill Vol. 1,2003,
Quentin Tarantino,Kill Bill Vol. 2,2004,
Quentin Tarantino,Death-Proof,2007,
Quentin Tarantino,Inglorious Basterds,2009,
Quentin Tarantino,Django Unchained,2012,
Andrei Tarkovsky,My Name is Ivan,1962,
Andrei Tarkovsky,Andrei Rublev,1969,
Andrei Tarkovsky,Solaris,1972,
Andrei Tarkovsky,The Mirror,1975,
Andrei Tarkovsky,Stalker,1979,
Andrei Tarkovsky,Nostalghia,1983,
Andrei Tarkovsky,The Sacrifice,1986,
Jacques Tati,The Big Day,1949,
Jacques Tati,Mr. Hulot’s Holiday,1953,
Jacques Tati,Mon Oncle,1958,
Jacques Tati,Playtime,1967,
Jacques Tati,Traffic,1971,
Francios Truffaut,The 400 Blows,1957,
Francios Truffaut,Shoot the Piano Player,1960,
Francios Truffaut,The Sad Sack,1961,
Francios Truffaut,Jules and Jim,1961,
Francios Truffaut,Love at Twenty,1962,
Francios Truffaut,The Soft Skin,1964,
Francios Truffaut,Fahrenheit 451,1966,
Francios Truffaut,The Bride Wore Black,1967,
Francios Truffaut,Stolen Kisses,1968,
Francios Truffaut,Mississippi Mermaid,1969,
Francios Truffaut,The Wild Child,1969,
Francios Truffaut,Bed & Board,1970,
Francios Truffaut,Two English Girls,1971,
Francios Truffaut,Such a Gorgeous Kid Like Me,1972,
Francios Truffaut,Day For Night,1973,
Francios Truffaut,The Story of Adele H,1975,
Francios Truffaut,Small Change,1976,
Francios Truffaut,The Man Who Loved Women,1977,
Francios Truffaut,The Green Room,1978,
Francios Truffaut,Love on the Run,1979,
Francios Truffaut,The Last Metro,1980,
Francios Truffaut,The Woman Next Door,1981,
Francios Truffaut,Confidentially Yours,1983,
Tom Tykwer,Deadly Maria,1994,
Tom Tykwer,Winter Sleepers,1997,
Tom Tykwer,Run Lola Run,1998,
Tom Tykwer,The Princess and the Warrior,2000,
Tom Tykwer,Heaven,2002,
Tom Tykwer,Perfume: The Story of a Murderer,2006,
Tom Tykwer,The International,2009,
Tom Tykwer,Three,2010,
Gus Van Sant,Mala Noche,1985,
Gus Van Sant,Drugstore Cowboy,1989,
Gus Van Sant,My Own Private Idaho,1991,
Gus Van Sant,Even Cowgirls Get the Blues,1993,
Gus Van Sant,To Die For,1995,
Gus Van Sant,Good Will Hunting,1997,
Gus Van Sant,Psycho,1998,
Gus Van Sant,Finding Forrester,2000,
Gus Van Sant,Gerry,2002,
Gus Van Sant,Elephant,2003,
Gus Van Sant,Last Days,2005,
Gus Van Sant,"Paris, Je T’aime",2006,
Gus Van Sant,Paranoid Park,2007,
Gus Van Sant,Milk,2008,
Gus Van Sant,Restless,2011,
Gus Van Sant,Promised Land,2012,
Gore Verbinski,Mousehunt,1997,
Gore Verbinski,The Mexican,2001,
Gore Verbinski,The Ring,2002,
Gore Verbinski,Pirates of the Caribbean: The Curse of the Black Pearl,2003,
Gore Verbinski,The Weather Man,2005,
Gore Verbinski,Pirates of the Caribbean: Dead Man's Chest,2006,
Gore Verbinski,Pirates of the Caribbean: At World's End,2007,
Gore Verbinski,Rango,2011,
Gore Verbinski,The Lone Ranger,2013,
Jean Vigo,Zero for Conduct,1933,
Jean Vigo,L’Atalante,1934,
Lars Von Trier,The Element of Crime,1984,
Lars Von Trier,Epidemic,1988,
Lars Von Trier,Europa,1991,
Lars Von Trier,Breaking the Waves,1996,
Lars Von Trier,Dancer in the Dark,2000,
Lars Von Trier,Dogville,2004,
Lars Von Trier,Manderlay,2005,
Lars Von Trier,The Boss of it All,2006,
Lars Von Trier,Antichrist,2009,
Lars Von Trier,Melancholia,2011,
Peter Weir,The Cars that Ate Paris,1974,
Peter Weir,Picnic at Hanging Rock,1975,
Peter Weir,The Last Wave,1977,
Peter Weir,Gallipoli,1981,
Peter Weir,The Year of Living Dangerously,1982,
Peter Weir,Witness,1985,
Peter Weir,The Mosquito Coast,1986,
Peter Weir,Dead Poets Society,1989,
Peter Weir,Green Card,1990,
Peter Weir,Fearless,1993,
Peter Weir,The Truman Show,1998,
Peter Weir,Master and Commander,2003,
Peter Weir,The Way Back,2010,
Orson Welles,Citizen Kane,1941,
Orson Welles,The Magnificent Ambersons,1942,
Orson Welles,The Stranger,1946,
Orson Welles,The Lady from Shanghai,1948,
Orson Welles,Macbeth,1948,
Orson Welles,The Tragedy of Othello: The Moor of Venice,1952,
Orson Welles,Mr. Arkadin,1955,
Orson Welles,Touch of Evil,1958,
Orson Welles,The Trial,1963,
Orson Welles,Chimes at Midnight,1965,
Orson Welles,The Immortal Story,1968,
Orson Welles,The Deep,1970,
Orson Welles,The Other Side of the Wind,1972,
Orson Welles,F for Fake,1975,
Wim Wenders,Summer in the City,1970,
Wim Wenders,The Goalie’s Anxiety at the Penalty Kick,1971,
Wim Wenders,The Scarlet Letter,1972,
Wim Wenders,Alice in the Cities,1974,
Wim Wenders,False Movement,1974,
Wim Wenders,Kings of the Road,1976,
Wim Wenders,The American Friend,1977,
Wim Wenders,Lightening Over Water,1980,
Wim Wenders,The State of Things,1982,
Wim Wenders,Hammett,1982,
Wim Wenders,"Paris, Texas",1984,
Wim Wenders,Tokyo-Ga,1985,
Wim Wenders,Wings of Desire,1987,
Wim Wenders,Notebook on Cities and Clothes,1989,
Wim Wenders,Until the End of the World,1991,
Wim Wenders,"Faraway, So Close!",1993,
Wim Wenders,Lisbon Story,1994,
Wim Wenders,Beyond the Clouds,1995,
Wim Wenders,Brothers Skladanowsky,1995,
Wim Wenders,The End of Violence,1997,
Wim Wenders,The Buena Vista Social Club,1999,
Wim Wenders,The Million Dollar Hotel,2000,
Wim Wenders,Ode to Cologne: A Rock ‘N’ Roll Film,2002,
Wim Wenders,Ten Minutes Older: The Trumpet,2002,
Wim Wenders,The Soul of a Man,2003,
Wim Wenders,Land of Plenty,2004,
Wim Wenders,Don’t Come Knocking,2005,
Wim Wenders,Invisibles,2007,
Wim Wenders,Palermo Shooting,2008,
Wim Wenders,Pina,2011,
Billy Wilder,The Major and the Minor,1942,
Billy Wilder,Five Graves to Cairo,1943,
Billy Wilder,Double Indemnity,1944,
Billy Wilder,The Lost Weekend,1945,
Billy Wilder,The Emperor Waltz,1948,
Billy Wilder,A Foreign Affair,1948,
Billy Wilder,Sunset Boulevard,1950,
Billy Wilder,Ace in the Hole,1951,
Billy Wilder,Stalag 17,1953,
Billy Wilder,Sabrina,1954,
Billy Wilder,The Seven Year Itch,1955,
Billy Wilder,The Spirit of St. Louis,1957,
Billy Wilder,Love in the Afternoon,1957,
Billy Wilder,Witness for the Prosecution,1957,
Billy Wilder,Some Like it Hot,1959,
Billy Wilder,The Apartment,1960,
Billy Wilder,"One, Two, Three",1961,
Billy Wilder,Irma la Douce,1963,
Billy Wilder,"Kiss Me, Stupid",1964,
Billy Wilder,The Fortune Cookie,1966,
Billy Wilder,The Private Life of Sherlock Holmes,1970,
Billy Wilder,Avanti!,1972,
Billy Wilder,The Front Page,1974,
Billy Wilder,Fedora,1978,
Billy Wilder,Buddy Buddy,1981,
Michael Winterbottom,Butterfly Kiss,1995,
Michael Winterbottom,Go Now,1995,
Michael Winterbottom,Jude,1996,
Michael Winterbottom,Welcome to Sarajevo,1997,
Michael Winterbottom,I Want You,1998,
Michael Winterbottom,Wonderland,1999,
Michael Winterbottom,With or Without You,1999,
Michael Winterbottom,The Claim,2000,
Michael Winterbottom,24 Hour Party People,2002,
Michael Winterbottom,In This World,2002,
Michael Winterbottom,Code 46,2003,
Michael Winterbottom,9 Songs,2004,
Michael Winterbottom,Tristam Shandy: A Cock and Bull Story,2005,
Michael Winterbottom,The Road to Guatanamo,2006,
Michael Winterbottom,A Mighty Heart,2007,
Michael Winterbottom,Genova,2008,
Michael Winterbottom,The Shock Doctrine,2009,
Michael Winterbottom,The Killer Inside Me,2010,
Michael Winterbottom,The Trip,2010,
Michael Winterbottom,The Trip to Italy,2014,
Robert Zemeckis,I Wanna Hold Your Hand,1978,
Robert Zemeckis,Used Cars,1980,
Robert Zemeckis,Romancing the Stone,1984,
Robert Zemeckis,Back to the Future,1985,
Robert Zemeckis,Who Framed Roger Rabbit?,1988,
Robert Zemeckis,Back to the Future Part II,1989,
Robert Zemeckis,Back to the Future Part III,1990,
Robert Zemeckis,Death Becomes Her,1992,
Robert Zemeckis,Forrest Gump,1994,
Robert Zemeckis,Contact,1997,
Robert Zemeckis,What Lies Beneath,2000,
Robert Zemeckis,Cast Away,2000,
Robert Zemeckis,The Polar Express,2004,
Robert Zemeckis,Beowulf,2007,
Robert Zemeckis,A Christmas Carol,2009,
Robert Zemeckis,Flight,2012,
Edward Zwick,About Last Night...,1986,
Edward Zwick,Glory,1989,
Edward Zwick,Leaving Normal,1992,
Edward Zwick,Legends of the Fall,1994,
Edward Zwick,Courage Under Fire,1996,
Edward Zwick,The Siege,1998,
Edward Zwick,The Last Samurai,2003,
Edward Zwick,Blood Diamond,2006,
Edward Zwick,Defiance,2009,
Edward Zwick,Love and Other Drugs,2010,
Christian Bale,Mio in the Land of Faraway,1987,
Christian Bale,Empire of the Sun,1987,
Christian Bale,Henry V,1989,England
Christian Bale,Newsies,1992,
Christian Bale,Swing Kids,1993,
Christian Bale,Royal Deceit,1994,
Christian Bale,Little Women,1994,
Christian Bale,The Secret Agent,1996,England
Christian Bale,The Portrait of a Lady,1996,
Christian Bale,Metroland,1997,
Christian Bale,Velvet Goldmine,1998,
Christian Bale,All the Little Animals,1998,England
Christian Bale,A Midsummer Night's Dream,1999,
Christian Bale,American Psycho,2000,
Christian Bale,Shaft,2000,
Christian Bale,Captain Correlli's Mandolin,2001,
Christian Bale,Equilibrium,2002,
Christian Bale,Reign of Fire,2002,
Christian Bale,Laurel Canyon,2003,
Christian Bale,The Machinist,2004,
Christian Bale,Batman Begins,2005,
Christian Bale,The New World,2005,
Christian Bale,Harsh Times,2005,
Christian Bale,The Prestige,2006,
Christian Bale,Rescue Dawn,2007,
Christian Bale,3:10 to Yuma,2007,
Christian Bale,I'm Not There,2007,
Christian Bale,The Dark Knight,2008,
Christian Bale,Terminator Salvation,2009,
Christian Bale,Public Enemies,2009,
Christian Bale,The Fighter ,2010,
Christian Bale,The Flowers of War,2011,China
Christian Bale,The Dark Knight Rises,2012,USA
Marlon Brando,The Men,1950,
Marlon Brando,A Streetcar Named Desire,1951,
Marlon Brando,Viva Zapatal,1952,
Marlon Brando,Julius Caesar,1953,
Marlon Brando,The Wild One,1954,
Marlon Brando,On the Waterfront,1954,
Marlon Brando,Desiree,1954,
Marlon Brando,Guys and Dolls,1955,
Marlon Brando,The Teahouse of the August Moon,1956,
Marlon Brando,Sayonara,1957,
Marlon Brando,The Young Lions,1958,
Marlon Brando,The Fugitive Kind,1959,
Marlon Brando,One-Eyed Jacks,1961,
Marlon Brando,Mutiny on the Bounty,1962,
Marlon Brando,The Ugly American,1963,
Marlon Brando,Bedtime Story,1964,
Marlon Brando,Morituri,1965,
Marlon Brando,The Chase,1966,
Marlon Brando,The Appaloosa,1966,
Marlon Brando,A Countess From Hong Kong,1967,
Marlon Brando,Reflections in a Golden Eye,1967,
Marlon Brando,Candy,1969,
Marlon Brando,The Night of the Following Day,1968,
Marlon Brando,Burn!,1969,
Marlon Brando,The Godfather,1972,
Marlon Brando,The Nightcomers,1972,
Marlon Brando,Last Tango in Paris,1973,
Marlon Brando,The Missouri Breaks,1976,
Marlon Brando,Superman,1978,
Marlon Brando,Apocalypse Now,1979,
Marlon Brando,The Formula,1980,
Marlon Brando,A Dry White Season,1989,
Marlon Brando,The Freshmen,1990,
Marlon Brando,Christopher Columbus: The Discovery,1992,
Marlon Brando,Don Juan DeMarco,1995,
Marlon Brando,The Island of Dr. Moreau,1996,
Marlon Brando,The Brave,1997,
Marlon Brando,Free Money,1998,
Marlon Brando,The Score,2001,
Robert De Niro,Greetings,1968,
Robert De Niro,The Wedding Party,1969,
Robert De Niro,Sam's Song,1969,
Robert De Niro,Bloody Mama,1970,
Robert De Niro,Hi Mom!,1970,
Robert De Niro,Jennifer on My Mind,1971,
Robert De Niro,The Gang That Couldn't Shoot Straight,1971,
Robert De Niro,Born to Win,1971,
Robert De Niro,Mean Streets,1973,
Robert De Niro,Bang the Drum Slowly,1973,
Robert De Niro,The Godfather Part II,1974,
Robert De Niro,The Last Tycoon,1976,
Robert De Niro,Taxi Driver,1976,
Robert De Niro,1900,1976,
Robert De Niro,"New York, New York",1977,
Robert De Niro,The Deer Hunter,1978,
Robert De Niro,Raging Bull,1980,
Robert De Niro,True Confessions,1981,
Robert De Niro,The King of Comedy,1983,
Robert De Niro,Once Upon a Time in America,1984,
Robert De Niro,Falling in Love,1984,
Robert De Niro,Brazil,1985,
Robert De Niro,The Mission,1986,
Robert De Niro,Angel Heart,1987,
Robert De Niro,The Untouchables,1987,
Robert De Niro,Midnight Run,1988,
Robert De Niro,Jacknife,1989,
Robert De Niro,We're No Angels,1989,
Robert De Niro,Stanley & Iris,1990,
Robert De Niro,Goodfellas,1990,
Robert De Niro,Awakenings,1990,
Robert De Niro,Guilty by Suspicion,1991,
Robert De Niro,Backdraft,1991,
Robert De Niro,Cape Fear,1991,
Robert De Niro,Mistress,1992,
Robert De Niro,Night and the City,1992,
Robert De Niro,Mad Dog and Glory,1993,
Robert De Niro,This Boy's Life,1993,
Robert De Niro,A Bronx Tale,1993,
Robert De Niro,Frankenstein,1994,England
Robert De Niro,A Hundred and One Nights,1995,France
Robert De Niro,Casino,1995,
Robert De Niro,Heat,1995,
Robert De Niro,The Fan,1996,
Robert De Niro,Sleepers,1996,
Robert De Niro,Marvin's Room,1996,
Robert De Niro,Copland,1997,
Robert De Niro,Wag the Dog,1997,
Robert De Niro,Jackie Brown,1997,
Robert De Niro,Great Expectations,1998,
Robert De Niro,Ronin,1998,
Robert De Niro,Analyze This,1999,
Robert De Niro,The Adventures of Rocky and Bullwinkle,2000,
Robert De Niro,Men of Honor,2000,
Robert De Niro,Meet the Parents,2000,
Robert De Niro,15 Minutes,2001,
Robert De Niro,The Score,2001,
Robert De Niro,Showtime,2002,
Robert De Niro,City by the Sea,2002,
Robert De Niro,Analyze That,2002,
Robert De Niro,Godsend,2004,
Robert De Niro,The Bridge of San Luis Rey,2004,
Robert De Niro,Hide and Seek,2005,
Robert De Niro,Meet the Fockers,2004,
Robert De Niro,Shark Tale,2004,
Robert De Niro,Arthur and the Invisibles,2006,
Robert De Niro,The Good Shepherd,2006,
Robert De Niro,Stardust,2007,England
Robert De Niro,What Just Happened,2008,
Robert De Niro,Righteous Kill,2008,
Robert De Niro,Everybody's Fine,2009,
Robert De Niro,Machete,2010,USA
Robert De Niro,Stone,2010,USA
Robert De Niro,Little Fockers,2010,USA
Robert De Niro,The Ages of Love,2011,Italy
Robert De Niro,Limitless,2011,USA
Robert De Niro,Killer Elite,2011,USA
Robert De Niro,New Year's Eve,2011,USA
Robert De Niro,Red Lights,2012,USA
Robert De Niro,Being Flynn,2012,USA
Robert De Niro,Freelancers,2012,USA
Robert De Niro,Silver Linings Playbook,2012,USA
Robert De Niro,The Big Wedding,2013,USA
Tom Hanks,He Knows You're Alone,1980,
Tom Hanks,Splash,1984,
Tom Hanks,Bachelor Party,1984,
Tom Hanks,Volunteers,1985,
Tom Hanks,The Man With One Red Shoe,1985,
Tom Hanks,The Money Pit,1986,
Tom Hanks,Nothing in Common,1986,
Tom Hanks,Every Time We Say Goodbye,1986,
Tom Hanks,Dragnet,1987,
Tom Hanks,Big,1988,
Tom Hanks,Punchline,1988,
Tom Hanks,The 'burbs,1989,
Tom Hanks,Turner & Hooch,1989,
Tom Hanks,Joe Versus the Volcano,1990,
Tom Hanks,The Bonfire of the Vanities,1990,
Tom Hanks,Radio Flyer,1992,
Tom Hanks,A League of Thier Own,1992,
Tom Hanks,Sleepless in Seattle,1993,
Tom Hanks,Phildelphia,1993,
Tom Hanks,Forrest Gump,1994,
Tom Hanks,Apollo 13,1995,
Tom Hanks,Toy Story,1995,
Tom Hanks,That Thing You Do!,1996,
Tom Hanks,Saving Private Ryan,1998,
Tom Hanks,You've Got Mail,1998,
Tom Hanks,The Green Mile,1999,
Tom Hanks,Toy Story 2,1999,
Tom Hanks,Cast Away,2000,
Tom Hanks,Road to Perdition,2002,
Tom Hanks,Catch Me If You Can,2003,
Tom Hanks,The Ladykillers,2004,
Tom Hanks,The Polar Express,2004,
Tom Hanks,The Terminal,2004,
Tom Hanks,Elvis Has Left the Building,2004,
Tom Hanks,The Da Vinci Code,2006,
Tom Hanks,Charlie Wilson's War,2007,
Tom Hanks,The Great Buck Howard,2009,
Tom Hanks,Angels & Demons,2009,
Tom Hanks,Toy Story 3,2010,USA
Tom Hanks,Larry Crowne,2011,USA
Tom Hanks,Extremely Loud & Incredibly Close,2011,USA
Tom Hanks,Cloud Atlas,2012,USA
Dustin Hoffman,The Graduate,1967,
Dustin Hoffman,The Tiger Makes Out,1967,
Dustin Hoffman,Madigan's Millions,1969,
Dustin Hoffman,Midnight Cowboy,1969,
Dustin Hoffman,John and Mary,1969,
Dustin Hoffman,Little Big Man,1970,
Dustin Hoffman,Straw Dogs,1971,
Dustin Hoffman,Who Is Harry Kellerman and Why Is He Saying Those Terrible Things About Me?,1971,
Dustin Hoffman,"Alfredo, Alfredo",1972,Italy
Dustin Hoffman,Papillon,1973,
Dustin Hoffman,Lenny,1974,
Dustin Hoffman,All the President's Men,1976,
Dustin Hoffman,Marathon Man,1978,
Dustin Hoffman,Straight Time,1978,
Dustin Hoffman,Agatha,1979,
Dustin Hoffman,Kramer Vs. Kramer,1979,
Dustin Hoffman,Tootsie,1982,
Dustin Hoffman,Ishtar,1987,
Dustin Hoffman,Rain Man,1988,
Dustin Hoffman,Family Business,1989,
Dustin Hoffman,Dick Tracy,1990,
Dustin Hoffman,Billy Bathgate,1991,
Dustin Hoffman,Hook,1991,
Dustin Hoffman,Hero,1992,
Dustin Hoffman,Outbreak,1995,
Dustin Hoffman,American Buffalo,1996,
Dustin Hoffman,Sleepers,1996,
Dustin Hoffman,Mad City,1997,
Dustin Hoffman,Wag the Dog,1997,
Dustin Hoffman,Sphere,1998,
Dustin Hoffman,The Messenger: The Story of Joan of Arc,1989,
Dustin Hoffman,Moonlight Mile,2002,
Dustin Hoffman,Confidence,2003,
Dustin Hoffman,Runaway Jury,2003,
Dustin Hoffman,I Heart Huckabees,2004,
Dustin Hoffman,Finding Neverland,2004,
Dustin Hoffman,Lemony Snicket's a Series of Unfortunate Events,2004,
Dustin Hoffman,Meet the Fockers,2004,
Dustin Hoffman,The Lost City,2005,
Dustin Hoffman,Perfume: The Story of a Murderer,2006,
Dustin Hoffman,Stranger Than Fiction,2006,
Dustin Hoffman,Mr. Magorium's Wonder Emporium,2007,
Dustin Hoffman,Kung-Fu Panda,2008,
Dustin Hoffman,Last Chance Harvey,2008,
Dustin Hoffman,The Tale of Despereaux,2008,
Dustin Hoffman,Barney's Version,2010,USA
Dustin Hoffman,Little Fockers,2010,USA
Dustin Hoffman,Kung-Fu Panda 2,2011,USA
Phillip Seymour Hoffman,Triple Bogey on a Par Five Hole,1991,
Phillip Seymour Hoffman,My New Gun,1992,
Phillip Seymour Hoffman,Leap of Faith,1992,
Phillip Seymour Hoffman,Scent of a Woman,1992,
Phillip Seymour Hoffman,My Boyfriend's Back,1993,
Phillip Seymour Hoffman,Money For Nothing,1993,
Phillip Seymour Hoffman,Joey Breaker,1993,
Phillip Seymour Hoffman,The Getaway,1994,
Phillip Seymour Hoffman,When a Man Loves a Woman,1994,
Phillip Seymour Hoffman,Nobody's Fool,1994,
Phillip Seymour Hoffman,Hard Eight,1996,
Phillip Seymour Hoffman,Twister,1996,
Phillip Seymour Hoffman,Boogie Nights,1997,
Phillip Seymour Hoffman,Montana,1998,
Phillip Seymour Hoffman,Next Stop Wonderland,1998,
Phillip Seymour Hoffman,The Big Lebowski,1998,
Phillip Seymour Hoffman,Happiness,1998,
Phillip Seymour Hoffman,Patch Adams,1998,
Phillip Seymour Hoffman,The Talented Mr.Ripley,1999,
Phillip Seymour Hoffman,Flawless,1999,
Phillip Seymour Hoffman,Magnolia,1999,
Phillip Seymour Hoffman,State and Main,2000,
Phillip Seymour Hoffman,Almost Famous,2000,
Phillip Seymour Hoffman,Punch-Drunk Love,2002,
Phillip Seymour Hoffman,Red Dragon,2002,
Phillip Seymour Hoffman,25th Hour,2002,
Phillip Seymour Hoffman,Love Liza,2003,
Phillip Seymour Hoffman,Owning Mahoney,2003,
Phillip Seymour Hoffman,Along Came Polly,2004,
Phillip Seymour Hoffman,Capote,2005,
Phillip Seymour Hoffman,Strangers With Candy,2005,
Phillip Seymour Hoffman,Mission: Impossible III,2006,
Phillip Seymour Hoffman,Charlie Wilson's War,2007,
Phillip Seymour Hoffman,The Savages,2007,
Phillip Seymour Hoffman,Before the Devil Knows You're Dead,2007,
Phillip Seymour Hoffman,"Synecdoche, New York",2008,
Phillip Seymour Hoffman,Doubt,2008,
Phillip Seymour Hoffman,Pirate Radio,2009,
Phillip Seymour Hoffman,Mary and Max,2009,Australia
Phillip Seymour Hoffman,Jack Goes Boating,2010,USA
Phillip Seymour Hoffman,The Ides of March,2011,USA
Phillip Seymour Hoffman,Moneyball,2011,USA
Phillip Seymour Hoffman,The Master,2012,USA
Phillip Seymour Hoffman,A Late Quartet,2012,USA
John Malkovich,Places in the Heart,1984,
John Malkovich,The Killing Fields,1984,
John Malkovich,Eleni,1985,
John Malkovich,Making Mr. Right,1987,
John Malkovich,The Glass Menagerie,1987,
John Malkovich,Empire of the Sun,1987,
John Malkovich,Dangerous Liasons,1988,
John Malkovich,Miles From Home,1988,
John Malkovich,The Sheltering Sky,1990,
John Malkovich,Queens Logic,1991,
John Malkovich,The Object of Beauty,1991,
John Malkovich,Shadows and Fog,1992,
John Malkovich,Of Mice and Men,1992,
John Malkovich,Jennifer Eight,1992,
John Malkovich,Alive,1993,
John Malkovich,Heart Of Darkness,1994,
John Malkovich,Beyond the Clouds,1995,
John Malkovich,The Convent,1995,Portugal
John Malkovich,Mary Reily,1996,
John Malkovich,Mulholland Falls,1996,
John Malkovich,The Ogre,1996,Germany
John Malkovich,The Portrait of a Lady,1996,
John Malkovich,Con Air,1997,
John Malkovich,The Man in the Iron Mask,1998,
John Malkovich,Rounders,1998,
John Malkovich,Time Regained,1999,France
John Malkovich,Being John Malkovich,1999,
John Malkovich,The Messenger: The Story of Joan of Arc,1999,
John Malkovich,Ladies Room,1999,Canada
John Malkovich,Shadow of the Vampire,2000,
John Malkovich,Savage Souls,2001,France
John Malkovich,Knockaround Guys,2001,
John Malkovich,I'm Going Home,2001,Portugal
John Malkovich,Hotel,2001,
John Malkovich,Ripley's Game,2002,
John Malkovich,Johnny English,2003,England
John Malkovich,A Talking Picture,2003,Portugal
John Malkovich,The Libertine,2004,
John Malkovich,The Hitchhiker's Guide to the Galaxy,2005,
John Malkovich,Color Me Kubrick: A True...Ish Story,2005,England
John Malkovich,Art School Confidential,2006,
John Malkovich,Klimt,2006,
John Malkovich,Eragon,2006,
John Malkovich,Beowulf,2007,
John Malkovich,Gardens of the Night,2008,
John Malkovich,Mutant Chronicles,2008,
John Malkovich,Disgrace,2008,
John Malkovich,Afterwards,2008,
John Malkovich,The Great Buck Howard,2009,
John Malkovich,Changeling,2008,
John Malkovich,Burn After Reading,2008,
John Malkovich,Jonah Hex,2010,USA
John Malkovich,Red,2010,USA
John Malkovich,Secretariat,2010,USA
John Malkovich,Drunkboat,2010,USA
John Malkovich,Transformers: Dark of the Moon,2011,USA
John Malkovich,Lines of Wellington,2012,France
John Malkovich,Warm Bodies,2013,USA
Ewan McGregor,Being Human,1993,
Ewan McGregor,Shallow Grave,1994,
Ewan McGregor,Bug Juice,1995,
Ewan McGregor,Trainspotting,1996,
Ewan McGregor,The Pillow Book,1996,
Ewan McGregor,Emma,1996,
Ewan McGregor,Brassed Off,1996,
Ewan McGregor,The Serpents Kiss,1997,
Ewan McGregor,A Life Less Ordained,1997,
Ewan McGregor,Nightwatch,1998,
Ewan McGregor,Velvet Goldmine,1998,
Ewan McGregor,Little Voice,1998,
Ewan McGregor,Star Wars Episode I: The Phantom Menace,1999,
Ewan McGregor,Rogue Trader,1999,
Ewan McGregor,Eye of the Beholder,1999,
Ewan McGregor,Nora,2000,
Ewan McGregor,Moulin Rouge!,2001,
Ewan McGregor,Black Hawk Down,2001,
Ewan McGregor,Star Wars Episode II: Attack of the Clones,2002,
Ewan McGregor,Down With Love,2003,
Ewan McGregor,Big Fish,2003,
Ewan McGregor,Young Adam,2004,
Ewan McGregor,Star Wars Episode III: Revenge of the Sith,2005,
Ewan McGregor,Robots,2005,
Ewan McGregor,Valiant,2005,
Ewan McGregor,The Island,2005,
Ewan McGregor,Stay,2005,
Ewan McGregor,Stormbreaker,2006,
Ewan McGregor,Scenes of a Sexual Nature,2006,England
Ewan McGregor,Miss Potter,2006,
Ewan McGregor,Cassandra's Dream,2007,
Ewan McGregor,Incendiary,2008,England
Ewan McGregor,Deception,2008,
Ewan McGregor,Angels & Demons,2009,
Ewan McGregor,I Love You Phillip Morris,2009,
Ewan McGregor,The Men Who Stare at Goats,2009,
Ewan McGregor,Amelia,2009,
Ewan McGregor,The Ghost Writer,2010,
Ewan McGregor,Nanny McPhee Returns,2010,England
Ewan McGregor,Jackboots on Whitehall,2010,England
Ewan McGregor,Beginners,2010,USA
Ewan McGregor,Perfect Sense,2011,England
Ewan McGregor,Salmon Fishing in the Yemen,2011,England
Ewan McGregor,Haywire,2011,USA
Ewan McGregor,The Impossible,2012,Spain
Jack Nicholson,The Cry Baby Killer,1958,
Jack Nicholson,The Little Shop of Horrors,1960,
Jack Nicholson,Studs Lonigan,1960,
Jack Nicholson,The Broken Land,1962,
Jack Nicholson,The Raven,1963,
Jack Nicholson,The Terror,1963,
Jack Nicholson,Ensign Pulver,1964,
Jack Nicholson,Flight to Fury,1964,
Jack Nicholson,Back Door to Hell,1964,
Jack Nicholson,Ride in the Whirlwind,1965,
Jack Nicholson,The Shooting,1967,
Jack Nicholson,Hells Angels on Wheels,1967,
Jack Nicholson,Psych-Out,1968,
Jack Nicholson,Easy Rider,1969,
Jack Nicholson,On a Clear Day You Can See Forever,1970,
Jack Nicholson,Five Easy Pieces,1970,
Jack Nicholson,The Rebel Rousers,1970,
Jack Nicholson,Carnal Knowledge,1971,
Jack Nicholson,A Safe Place,1971,
Jack Nicholson,The King of Marvin Gardens,1972,
Jack Nicholson,The Last Detail,1973,
Jack Nicholson,Chinatown,1974,
Jack Nicholson,The Passenger,1975,
Jack Nicholson,Tommy,1975,
Jack Nicholson,The Fortune,1975,
Jack Nicholson,One Flew Over the Cuckoo's Nest,1975,
Jack Nicholson,The Missouri Breaks,1976,
Jack Nicholson,The Last Tycoon,1976,
Jack Nicholson,Goin' South,1978,
Jack Nicholson,The Shining,1980,
Jack Nicholson,The Postman Always Rings Twice,1981,
Jack Nicholson,Reds,1981,
Jack Nicholson,The Border,1982,
Jack Nicholson,Terms of Endearment,1983,
Jack Nicholson,Prizzi's Hour,1985,
Jack Nicholson,Heartburn,1986,
Jack Nicholson,The Witches of Eastwick,1987,
Jack Nicholson,Broadcast News,1987,
Jack Nicholson,Ironweed,1987,
Jack Nicholson,Batman,1989,
Jack Nicholson,The Two Jakes,1990,
Jack Nicholson,Man Trouble,1992,
Jack Nicholson,A Few Good Men,1992,
Jack Nicholson,Hoffa,1992,
Jack Nicholson,Wolf,1994,
Jack Nicholson,The Crossing Guard,1995,
Jack Nicholson,The Evening Star,1996,
Jack Nicholson,Mars Attacks!,1996,
Jack Nicholson,Blood and Wine,1997,
Jack Nicholson,As Good as it Gets,1997,
Jack Nicholson,The Pledge,2001,
Jack Nicholson,About Schmidt,2002,
Jack Nicholson,Something's Gotta Give,2003,
Jack Nicholson,Anger Management,2003,
Jack Nicholson,The Departed,2006,
Jack Nicholson,The Bucket List,2007,
Jack Nicholson,How Do You Know,2010,USA
Edward Norton,Primal Fear,1996,
Edward Norton,The Peole Vs. Larry Flynt,1996,
Edward Norton,Rounders,1998,
Edward Norton,American History X,1998,
Edward Norton,Fight Club,1999,
Edward Norton,Keeping the Faith,2000,
Edward Norton,The Score,2001,
Edward Norton,Frida,2002,
Edward Norton,Death to Smoochy,2002,
Edward Norton,Red Dragon,2002,
Edward Norton,25th Hour,2002,
Edward Norton,The Italian Job,2003,
Edward Norton,Kingdom of Heaven,2005,
Edward Norton,Down in the Valley,2005,
Edward Norton,The Painted Veil,2006,
Edward Norton,Pride and Glory,2008,
Edward Norton,The Incredible Hulk,2008,USA
Edward Norton,Leaves of Grass,2009,
Edward Norton,The Invention of Lying,2009,USA
Edward Norton,Stone,2010,USA
Edward Norton,Moonrise Kingdom,2012,USA
Edward Norton,The Bourne Legacy,2012,USA
Sean Penn,Taps,1981,
Sean Penn,Fast Time at Ridgemount High,1982,
Sean Penn,Bad Boys,1983,
Sean Penn,Racing With the Moon,1984,
Sean Penn,The Falcon and the Snowman,1984,
Sean Penn,Crackers,1984,
Sean Penn,Shanghai Surprise,1985,
Sean Penn,At Close Range,1986,
Sean Penn,Colors,1998,
Sean Penn,Judgement in Berlin,1988,
Sean Penn,Casualties of War,1989,
Sean Penn,We're No Angels,1989,
Sean Penn,State of Grace,1990,
Sean Penn,Carlito's Way,1993,
Sean Penn,Dead Man Walking,1995,
Sean Penn,She's So Lovely,1997,
Sean Penn,U Turn,1997,
Sean Penn,The Game,1997,
Sean Penn,Hugo Pool,1997,
Sean Penn,Loved,1997,
Sean Penn,Hurlyburly,1998,
Sean Penn,The Thin Red Line,1998,
Sean Penn,Sweet and Lowdown,1999,
Sean Penn,Up at the Villa,2000,
Sean Penn,Before Night Falls,2000,
Sean Penn,The Weight of Water,2000,
Sean Penn,I Am Sam,2001,
Sean Penn,Mystic River,2003,
Sean Penn,21 Grams,2003,
Sean Penn,It's All About Love,2003,
Sean Penn,The Asssassination of Richard Nixon,2004,
Sean Penn,The Intrepreter,2005,
Sean Penn,All the King's Men,2006,
Sean Penn,Milk,2008,
Sean Penn,Fair Game,2010,USA
Sean Penn,The Tree of Life,2011,USA
Sean Penn,This Must Be the Place,2012,
Sean Penn,Gangster Squad,2013,USA
Meryl Streep,Julia,1977,
Meryl Streep,The Deer Hunter,1978,
Meryl Streep,Manhattan,1979,
Meryl Streep,Kramer Vs. Kramer,1979,
Meryl Streep,The Seduction of Joe Tynan,1979,
Meryl Streep,The French Lieutenant's Woman,1981,
Meryl Streep,Still of the Night,1982,
Meryl Streep,Sophie's Choice,1982,
Meryl Streep,Silkwood,1983,
Meryl Streep,Falling in Love,1984,
Meryl Streep,Plenty,1985,
Meryl Streep,Out of Africa,1985,
Meryl Streep,Heartburn,1986,
Meryl Streep,Ironweed,1987,
Meryl Streep,A Cry in the Dark,1988,
Meryl Streep,She-Devil,1989,
Meryl Streep,Postcards From the Edge,1990,
Meryl Streep,Defending Your Life,1991,
Meryl Streep,Death Becomes Her,1992,
Meryl Streep,The House of the Spirits,1993,
Meryl Streep,The River Wild,1994,
Meryl Streep,The Bridges of Madison County,1995,
Meryl Streep,Before and After,1996,
Meryl Streep,Marvin's Room,1996,
Meryl Streep,Dancing at Lughnasa,1998,
Meryl Streep,One True Thing,1998,
Meryl Streep,Music of the Heart,1999,
Meryl Streep,The Hours,2002,
Meryl Streep,Adaptation,2002,
Meryl Streep,Stuck on You,2003,
Meryl Streep,The Manchurian Candidate,2004,
Meryl Streep,Lemony Snicket's a Series of Unfortunate Events,2004,
Meryl Streep,A Prairie Home Companion,2006,
Meryl Streep,Prime,2005,
Meryl Streep,Dark Matter,2007,
Meryl Streep,Evening,2007,
Meryl Streep,Mamma Mia!,2008,
Meryl Streep,Rendition,2007,
Meryl Streep,Lions For Lambs,2007,
Meryl Streep,The Devil Wears Prada,2006,
Meryl Streep,The Ant Bully,2006,
Meryl Streep,Doubt,2008,
Meryl Streep,Julie & Julia,2009,
Meryl Streep,Fantastic Mr. Fox,2009,
Meryl Streep,It's Complicated,2009,USA
Meryl Streep,The Iron Lady,2011,England
Meryl Streep,Hope Springs,2012,USA
