Top 10 BEST Movies 2016|Jeremy Jahns|2016|Arrival|1
Top 10 BEST Movies 2016|Jeremy Jahns|2016|Captain America: Civil War|2
Top 10 BEST Movies 2016|Jeremy Jahns|2016|Hacksaw Ridge|3
Top 10 BEST Movies 2016|Jeremy Jahns|2016|Deepwater Horizon|4
Top 10 BEST Movies 2016|Jeremy Jahns|2016|Deadpool|5
Top 10 BEST Movies 2016|Jeremy Jahns|2016|Rogue One: A Star Wars Story|6
Top 10 BEST Movies 2016|Jeremy Jahns|2016|Patriots Day|7
Top 10 BEST Movies 2016|Jeremy Jahns|2016|Kubo and the Two Strings|8
Top 10 BEST Movies 2016|Jeremy Jahns|2016|The Edge of Seventeen|9
Top 10 BEST Movies 2016|Jeremy Jahns|2016|Moana|10
Top 10 BEST Movies 2015|Jeremy Jahns|2015|Star Wars: Episode VII â€“ the Force Awakens|1
Top 10 BEST Movies 2015|Jeremy Jahns|2015|The Martian|2
Top 10 BEST Movies 2015|Jeremy Jahns|2015|Inside Out|3
Top 10 BEST Movies 2015|Jeremy Jahns|2015|Mad Max: Fury Road|4
Top 10 BEST Movies 2015|Jeremy Jahns|2015|The Hateful Eight|5
Top 10 BEST Movies 2015|Jeremy Jahns|2015|Creed|6
Top 10 BEST Movies 2015|Jeremy Jahns|2015|Kingsman: The Secret Service|7
Top 10 BEST Movies 2015|Jeremy Jahns|2015|Straight Outta Compton|8
Top 10 BEST Movies 2015|Jeremy Jahns|2015|Ex Machina|9
Top 10 BEST Movies 2015|Jeremy Jahns|2015|Bridge of Spies|10
Top 10 BEST Movies 2014|Jeremy Jahns|2014|Whiplash|1
Top 10 BEST Movies 2014|Jeremy Jahns|2014|X-Men: Days of Future Past|2
Top 10 BEST Movies 2014|Jeremy Jahns|2014|Captain America: Winter Soldier|3
Top 10 BEST Movies 2014|Jeremy Jahns|2014|Dawn of the Planet of the Apes|4
Top 10 BEST Movies 2014|Jeremy Jahns|2014|Nightcrawler|5
Top 10 BEST Movies 2014|Jeremy Jahns|2014|How to Train Your Dragon 2|6
Top 10 BEST Movies 2014|Jeremy Jahns|2014|Edge of Tomorrow|7
Top 10 BEST Movies 2014|Jeremy Jahns|2014|Gone Girl|8
Top 10 BEST Movies 2014|Jeremy Jahns|2014|John Wick|9
Top 10 BEST Movies 2014|Jeremy Jahns|2014|Guardians of the Galaxy|10
Top 10 BEST Movies 2013|Jeremy Jahns|2013|Gravity|1
Top 10 BEST Movies 2013|Jeremy Jahns|2013|12 Years a Slave|2
Top 10 BEST Movies 2013|Jeremy Jahns|2013|The Hobbit: The Desolation of Smaug|3
Top 10 BEST Movies 2013|Jeremy Jahns|2013|Saving Mr. Banks|4
Top 10 BEST Movies 2013|Jeremy Jahns|2013|The Wolf of Wall Street|5
Top 10 BEST Movies 2013|Jeremy Jahns|2013|Rush|6
Top 10 BEST Movies 2013|Jeremy Jahns|2013|Elysium|7
Top 10 BEST Movies 2013|Jeremy Jahns|2013|Pacific Rim|8
Top 10 BEST Movies 2013|Jeremy Jahns|2013|Star Trek Into Darkness|9
Top 10 BEST Movies 2013|Jeremy Jahns|2013|Bad Grandpa|10
Top 10 BEST Movies 2012|Jeremy Jahns|2012|The Dark Knight Rises|1
Top 10 BEST Movies 2012|Jeremy Jahns|2012|Looper|2
Top 10 BEST Movies 2012|Jeremy Jahns|2012|The Avengers|3
Top 10 BEST Movies 2012|Jeremy Jahns|2012|Django Unchained|4
Top 10 BEST Movies 2012|Jeremy Jahns|2012|Skyfall|5
Top 10 BEST Movies 2012|Jeremy Jahns|2012|Argo|6
Top 10 BEST Movies 2012|Jeremy Jahns|2012|The Hobbit: An Unexpected Journey|7
Top 10 BEST Movies 2012|Jeremy Jahns|2012|Lincoln|8
Top 10 BEST Movies 2012|Jeremy Jahns|2012|The Cabin in the Woods|9
Top 10 BEST Movies 2012|Jeremy Jahns|2012|Wreck-It Ralph|10
Top 10 BEST Movies 2011|Jeremy Jahns|2011|Harry Potter and the Deathly Hollows Part 2|1
Top 10 BEST Movies 2011|Jeremy Jahns|2011|50/50|2
Top 10 BEST Movies 2011|Jeremy Jahns|2011|X-Men: First Class|3
Top 10 BEST Movies 2011|Jeremy Jahns|2011|Rise of the Planet of the Apes|4
Top 10 BEST Movies 2011|Jeremy Jahns|2011|Warrior|5
Top 10 BEST Movies 2011|Jeremy Jahns|2011|Source Code|6
Top 10 BEST Movies 2011|Jeremy Jahns|2011|Arthur Christmas|7
Top 10 BEST Movies 2011|Jeremy Jahns|2011|Mission: Impossible - Ghost Protocol|8
Top 10 BEST Movies 2011|Jeremy Jahns|2011|Thor|9
Top 10 BEST Movies 2011|Jeremy Jahns|2011|Kung-Fu Panda 2|10
Top 10 BEST Movies 2010|Jeremy Jahns|2010|Inception|1
Top 10 BEST Movies 2010|Jeremy Jahns|2010|Toy Story 3|2
Top 10 BEST Movies 2010|Jeremy Jahns|2010|The Fighter|3
Top 10 BEST Movies 2010|Jeremy Jahns|2010|127 Hours|4
Top 10 BEST Movies 2010|Jeremy Jahns|2010|Scott Pilgrim vs. the World|5
Top 10 BEST Movies 2010|Jeremy Jahns|2010|The Social Network|6
Top 10 BEST Movies 2010|Jeremy Jahns|2010|Tangled|7
Top 10 BEST Movies 2010|Jeremy Jahns|2010|Legend of the Guardians: The Owls of Ga'Hoole|8
Top 10 BEST Movies 2010|Jeremy Jahns|2010|True Grit|9
Top 10 BEST Movies 2010|Jeremy Jahns|2010|Kick-Ass|10
