Top Ten Movies of 1997|Tyler Hayes|1997|Good Will Hunting|1
Top Ten Movies of 1997|Tyler Hayes|1997|The Apostle|2
Top Ten Movies of 1997|Tyler Hayes|1997|Waiting for Guffman|3
Top Ten Movies of 1997|Tyler Hayes|1997|As Good as it Gets|4
Top Ten Movies of 1997|Tyler Hayes|1997|L.A. Confidential|5
Top Ten Movies of 1997|Tyler Hayes|1997|In the Company of Men|6
Top Ten Movies of 1997|Tyler Hayes|1997|Wag the Dog|7
Top Ten Movies of 1997|Tyler Hayes|1997|Microcosmos|8
Top Ten Movies of 1997|Tyler Hayes|1997|Everyone Says I Love You|9
Top Ten Movies of 1997|Tyler Hayes|1997|Donnie Brasco|10
Top Ten Movies of 1998|Tyler Hayes|1998|Saving Private Ryan|1
Top Ten Movies of 1998|Tyler Hayes|1998|The Thin Red Line|2
Top Ten Movies of 1998|Tyler Hayes|1998|Rushmore|3
Top Ten Movies of 1998|Tyler Hayes|1998|Pi|4
Top Ten Movies of 1998|Tyler Hayes|1998|American History X|5
Top Ten Movies of 1998|Tyler Hayes|1998|The Big Lebowski|6
Top Ten Movies of 1998|Tyler Hayes|1998|The Truman Show|7
Top Ten Movies of 1998|Tyler Hayes|1998|Affliction|8
Top Ten Movies of 1998|Tyler Hayes|1998|Character|9
Top Ten Movies of 1998|Tyler Hayes|1998|A Bug's Life|10
Top Ten Movies of 1998|Tyler Hayes|1998|Buffalo '66|11
Top Ten Movies of 1998|Tyler Hayes|1998|Life is Beautiful|12
Top Ten Movies of 1998|Tyler Hayes|1998|42 Up|13
Top Ten Movies of 1998|Tyler Hayes|1998|Waking Ned Devine|14
Top Ten Movies of 1998|Tyler Hayes|1998|There's Something About Mary|15
Top Ten Movies of 1999|Tyler Hayes|1999|Magnolia|1
Top Ten Movies of 1999|Tyler Hayes|1999|Children of Heaven|2
Top Ten Movies of 1999|Tyler Hayes|1999|The Straight Story|3
Top Ten Movies of 1999|Tyler Hayes|1999|Princess Mononoke|4
Top Ten Movies of 1999|Tyler Hayes|1999|Fight Club|5
Top Ten Movies of 1999|Tyler Hayes|1999|Being John Malkovich|6
Top Ten Movies of 1999|Tyler Hayes|1999|The Blair Witch Project|7
Top Ten Movies of 1999|Tyler Hayes|1999|American Movie|8
Top Ten Movies of 1999|Tyler Hayes|1999|The Green Mile|9
Top Ten Movies of 1999|Tyler Hayes|1999|Eyes Wide Shut|10
Top Ten Movies of 1999|Tyler Hayes|1999|The Red Violin|11
Top Ten Movies of 1999|Tyler Hayes|1999|Run Lola Run|12
Top Ten Movies of 1999|Tyler Hayes|1999|The General|13
Top Ten Movies of 1999|Tyler Hayes|1999|Three Kings|14
Top Ten Movies of 1999|Tyler Hayes|1999|Sweet and Lowdown|15
Top Ten Movies of 2000|Tyler Hayes|2000|George Washington|1
Top Ten Movies of 2000|Tyler Hayes|2000|Requiem for a Dream|2
Top Ten Movies of 2000|Tyler Hayes|2000|Unbreakable|3
Top Ten Movies of 2000|Tyler Hayes|2000|The Color of Paradise|4
Top Ten Movies of 2000|Tyler Hayes|2000|American Psycho|5
Top Ten Movies of 2000|Tyler Hayes|2000|Traffic|6
Top Ten Movies of 2000|Tyler Hayes|2000|Paradise Lost 2: Revelations|7
Top Ten Movies of 2000|Tyler Hayes|2000|Almost Famous|8
Top Ten Movies of 2000|Tyler Hayes|2000|Boiler Room|9
Top Ten Movies of 2000|Tyler Hayes|2000|Wonder Boys|10
Top Ten Movies of 2000|Tyler Hayes|2000|Cast Away|11
Top Ten Movies of 2000|Tyler Hayes|2000|The Contender|12
Top Ten Movies of 2000|Tyler Hayes|2000|Fantasia 2000|13
Top Ten Movies of 2000|Tyler Hayes|2000|Crouching Tiger, Hidden Dragon|14
Top Ten Movies of 2000|Tyler Hayes|2000|Thirteen Days|15
Top Ten Movies of 2000|Tyler Hayes|2001|Memento|1
Top Ten Movies of 2001|Tyler Hayes|2001|Waking Life|2
Top Ten Movies of 2001|Tyler Hayes|2001|The Pledge|3
Top Ten Movies of 2001|Tyler Hayes|2001|Vanilla Sky|4
Top Ten Movies of 2001|Tyler Hayes|2001|In the Bedroom|5
Top Ten Movies of 2001|Tyler Hayes|2001|Monsters Inc.|6
Top Ten Movies of 2001|Tyler Hayes|2001|Gosford Park|7
Top Ten Movies of 2001|Tyler Hayes|2001|Startup.com|8
Top Ten Movies of 2001|Tyler Hayes|2001|A.I. Artificial Intelligence|9
Top Ten Movies of 2001|Tyler Hayes|2001|Amelie|10
Top Ten Movies of 2001|Tyler Hayes|2001|With a Friend Like Harry|11
Top Ten Movies of 2001|Tyler Hayes|2001|The Royal Tenenbaums|12
Top Ten Movies of 2001|Tyler Hayes|2001|No Man's Land|13
Top Ten Movies of 2001|Tyler Hayes|2001|The Lord of the Rings: The Fellowship of the Ring|14
Top Ten Movies of 2001|Tyler Hayes|2001|Liam|15
Top Ten Movies of 2002|Tyler Hayes|2002|Punch-Drunk Love|1
Top Ten Movies of 2002|Tyler Hayes|2002|Gerry|2
Top Ten Movies of 2002|Tyler Hayes|2002|Frailty|3
Top Ten Movies of 2002|Tyler Hayes|2002|Signs|4
Top Ten Movies of 2002|Tyler Hayes|2002|The Pianist|5
Top Ten Movies of 2002|Tyler Hayes|2002|The Lord of the Rings: The Two Towers|6
Top Ten Movies of 2002|Tyler Hayes|2002|Bowling For Columbine|7
Top Ten Movies of 2002|Tyler Hayes|2002|Adaptation|8
Top Ten Movies of 2002|Tyler Hayes|2002|Chicago|9
Top Ten Movies of 2002|Tyler Hayes|2002|Minority Report|10
Top Ten Movies of 2002|Tyler Hayes|2002|The Grey Zone|11
Top Ten Movies of 2002|Tyler Hayes|2002|Spirited Away|12
Top Ten Movies of 2002|Tyler Hayes|2002|I Am Trying to Break Your Heart|13
Top Ten Movies of 2002|Tyler Hayes|2002|About a Boy|14
Top Ten Movies of 2002|Tyler Hayes|2002|Baran|15
Top Ten Movies of 2003|Tyler Hayes|2003|Elephant|1
Top Ten Movies of 2003|Tyler Hayes|2003|The Lord of the Rings: The Return of the King|2
Top Ten Movies of 2003|Tyler Hayes|2003|School of Rock|3
Top Ten Movies of 2003|Tyler Hayes|2003|Mystic River|4
Top Ten Movies of 2003|Tyler Hayes|2003|American Splendor|5
Top Ten Movies of 2003|Tyler Hayes|2003|Finding Nemo|6
Top Ten Movies of 2003|Tyler Hayes|2003|Capturing the Friedmans|7
Top Ten Movies of 2003|Tyler Hayes|2003|Spellbound|8
Top Ten Movies of 2003|Tyler Hayes|2003|All the Real Girls|9
Top Ten Movies of 2003|Tyler Hayes|2003|Zero Day|10
Top Ten Movies of 2003|Tyler Hayes|2003|28 Days Later|11
Top Ten Movies of 2003|Tyler Hayes|2003|Master and Commander: The Far Side of the World|12
Top Ten Movies of 2003|Tyler Hayes|2003|The Station Agent|13
Top Ten Movies of 2003|Tyler Hayes|2003|Whale Rider|14
Top Ten Movies of 2003|Tyler Hayes|2003|The Triplets of Belleville|15
Top Ten Movies of 2004|Tyler Hayes|2004|The Passion of the Christ|1
Top Ten Movies of 2004|Tyler Hayes|2004|The Aviator|2
Top Ten Movies of 2004|Tyler Hayes|2004|Napoleon Dynamite|3
Top Ten Movies of 2004|Tyler Hayes|2004|Hotel Rwanda|4
Top Ten Movies of 2004|Tyler Hayes|2004|Touching the Void|5
Top Ten Movies of 2004|Tyler Hayes|2004|Eternal Sunshine of the Spotless Mind|6
Top Ten Movies of 2004|Tyler Hayes|2004|The Village|7
Top Ten Movies of 2004|Tyler Hayes|2004|I Heart Huckabees|8
Top Ten Movies of 2004|Tyler Hayes|2004|Vera Drake|9
Top Ten Movies of 2004|Tyler Hayes|2004|The Assassination of Richard Nixon|10
Top Ten Movies of 2004|Tyler Hayes|2004|The Incredibles|11
Top Ten Movies of 2004|Tyler Hayes|2004|Harry Potter and the Prisoner of Azkaban|12
Top Ten Movies of 2004|Tyler Hayes|2004|Kill Bill Vol. 2|13
Top Ten Movies of 2004|Tyler Hayes|2004|Spartan|14
Top Ten Movies of 2004|Tyler Hayes|2004|I'm Not Scared|15
Top Ten Movies of 2005|Tyler Hayes|2005|Cache|1
Top Ten Movies of 2005|Tyler Hayes|2005|Good Night, and Good Luck.|2
Top Ten Movies of 2005|Tyler Hayes|2005|North Country|3
Top Ten Movies of 2005|Tyler Hayes|2005|Pride & Prejudice|4
Top Ten Movies of 2005|Tyler Hayes|2005|Crash|5
Top Ten Movies of 2005|Tyler Hayes|2005|The New World|6
Top Ten Movies of 2005|Tyler Hayes|2005|Star Wars: Episode III - Revenge of the Sith|7
Top Ten Movies of 2005|Tyler Hayes|2005|Madagascar|8
Top Ten Movies of 2005|Tyler Hayes|2005|Walk the Line|9
Top Ten Movies of 2005|Tyler Hayes|2005|Match Point|10
Top Ten Movies of 2006|Tyler Hayes|2006|The Departed|1
Top Ten Movies of 2006|Tyler Hayes|2006|United 93|2
Top Ten Movies of 2006|Tyler Hayes|2006|Letters From Iwo Jima|3
Top Ten Movies of 2006|Tyler Hayes|2006|The Devil and Daniel Johnston|4
Top Ten Movies of 2006|Tyler Hayes|2006|The Queen|5
Top Ten Movies of 2006|Tyler Hayes|2006|Little Miss Sunshine|6
Top Ten Movies of 2006|Tyler Hayes|2006|The Prestige|7
Top Ten Movies of 2006|Tyler Hayes|2006|Cars|8
Top Ten Movies of 2006|Tyler Hayes|2006|Bubble|9
Top Ten Movies of 2006|Tyler Hayes|2006|The Devil Wears Prada|10
Top Ten Movies of 2006|Tyler Hayes|2006|Blood Diamond|11
Top Ten Movies of 2006|Tyler Hayes|2006|Monster House|12
Top Ten Movies of 2006|Tyler Hayes|2006|Pan's Labyrinth|13
Top Ten Movies of 2006|Tyler Hayes|2006|The Fountain|14
Top Ten Movies of 2006|Tyler Hayes|2006|Sketches of Frank Gehry|15
Top Ten Movies of 2007|Tyler Hayes|2007|No Country For Old Men|1
Top Ten Movies of 2007|Tyler Hayes|2007|There Will Be Blood|2
Top Ten Movies of 2007|Tyler Hayes|2007|3:10 to Yuma|3
Top Ten Movies of 2007|Tyler Hayes|2007|Lars and the Real Girl|4
Top Ten Movies of 2007|Tyler Hayes|2007|Michael Clayton|5
Top Ten Movies of 2007|Tyler Hayes|2007|Sweeney Todd: The Demon Barber of Fleet Street|6
Top Ten Movies of 2007|Tyler Hayes|2007|Gone Baby Gone|7
Top Ten Movies of 2007|Tyler Hayes|2007|Zodiac|8
Top Ten Movies of 2007|Tyler Hayes|2007|The Mist|9
Top Ten Movies of 2007|Tyler Hayes|2007|The Counterfeiters|10
Top Ten Movies of 2007|Tyler Hayes|2007|The Kite Runner|11
Top Ten Movies of 2007|Tyler Hayes|2007|Rescue Dawn|12
Top Ten Movies of 2007|Tyler Hayes|2007|Atonement|13
Top Ten Movies of 2007|Tyler Hayes|2007|Cassandra's Dream|14
Top Ten Movies of 2007|Tyler Hayes|2007|The Assassination of Jesse James by the Coward Robert Ford|15
Top Ten Movies of 2008|Tyler Hayes|2008|The Dark Knight|1
Top Ten Movies of 2008|Tyler Hayes|2008|WALL-E|2
Top Ten Movies of 2008|Tyler Hayes|2008|Doubt|3
Top Ten Movies of 2008|Tyler Hayes|2008|Frost/Nixon|4
Top Ten Movies of 2008|Tyler Hayes|2008|Chop Shop|5
Top Ten Movies of 2008|Tyler Hayes|2008|The Curious Case of Benjamin Button|6
Top Ten Movies of 2008|Tyler Hayes|2008|Gran Torino|7
Top Ten Movies of 2008|Tyler Hayes|2008|Iron Man|8
Top Ten Movies of 2008|Tyler Hayes|2008|Man on Wire|9
Top Ten Movies of 2008|Tyler Hayes|2008|Encounters at the End of the World|9
Top Ten Movies of 2008|Tyler Hayes|2008|Slumdog Millionaire|10
Top Ten Movies of 2008|Tyler Hayes|2008|Chicago 10|11
Top Ten Movies of 2008|Tyler Hayes|2008|Body of Lies|12
Top Ten Movies of 2008|Tyler Hayes|2008|I.O.U.S.A.|13
Top Ten Movies of 2008|Tyler Hayes|2008|Trouble the Water|14
Top Ten Movies of 2008|Tyler Hayes|2008|Frozen River|15
Top Ten Movies of 2009|Tyler Hayes|2009|Moon|1
Top Ten Movies of 2009|Tyler Hayes|2009|The Hurt Locker|2
Top Ten Movies of 2009|Tyler Hayes|2009|Fantastic Mr. Fox|3
Top Ten Movies of 2009|Tyler Hayes|2009|Where the Wild Things Are|4
Top Ten Movies of 2009|Tyler Hayes|2009|Up|5
Top Ten Movies of 2009|Tyler Hayes|2009|Ponyo|6
Top Ten Movies of 2009|Tyler Hayes|2009|Inglourious Basterds|7
Top Ten Movies of 2009|Tyler Hayes|2009|The Informant!|8
Top Ten Movies of 2009|Tyler Hayes|2009|The September Issue|9
Top Ten Movies of 2009|Tyler Hayes|2009|Up in the Air|10
Top Ten Movies of 2009|Tyler Hayes|2009|The Cove|11
Top Ten Movies of 2009|Tyler Hayes|2009|A Christmas Carol|12
Top Ten Movies of 2009|Tyler Hayes|2009|Goodbye Solo|13
Top Ten Movies of 2009|Tyler Hayes|2009|Avatar|14
Top Ten Movies of 2009|Tyler Hayes|2009|The Road|15
Top Ten Movies of 2010|Tyler Hayes|2010|Shutter Island|1
Top Ten Movies of 2010|Tyler Hayes|2010|The King's Speech|2
Top Ten Movies of 2010|Tyler Hayes|2010|Exit Through the Gift Shop|3
Top Ten Movies of 2010|Tyler Hayes|2010|Inception|4
Top Ten Movies of 2010|Tyler Hayes|2010|Restrepo|5
Top Ten Movies of 2010|Tyler Hayes|2010|Catfish|6
Top Ten Movies of 2010|Tyler Hayes|2010|The Social Network|7
Top Ten Movies of 2010|Tyler Hayes|2010|The Tillman Story|8
Top Ten Movies of 2010|Tyler Hayes|2010|The Ghost Writer|9
Top Ten Movies of 2010|Tyler Hayes|2010|The Fighter|10
Top Ten Movies of 2010|Tyler Hayes|2010|Inside Job|11
Top Ten Movies of 2010|Tyler Hayes|2010|Last Train Home|12
Top Ten Movies of 2010|Tyler Hayes|2010|Waiting for Superman|13
Top Ten Movies of 2010|Tyler Hayes|2010|True Grit|14
Top Ten Movies of 2010|Tyler Hayes|2010|127 Hours|15
Top Ten Movies of 2011|Tyler Hayes|2011|The Artist|1
Top Ten Movies of 2011|Tyler Hayes|2011|The Tree of Life|2
Top Ten Movies of 2011|Tyler Hayes|2011|Moneyball|3
Top Ten Movies of 2011|Tyler Hayes|2011|A Separation|4
Top Ten Movies of 2011|Tyler Hayes|2011|The Adventures of Tintin|5
Top Ten Movies of 2011|Tyler Hayes|2011|Paradise Lost 3: Purgatory|6
Top Ten Movies of 2011|Tyler Hayes|2011|Midnight in Paris|7
Top Ten Movies of 2011|Tyler Hayes|2011|The Descendants|9
Top Ten Movies of 2011|Tyler Hayes|2011|Take Shelter|8
Top Ten Movies of 2011|Tyler Hayes|2011|Margin Call|10
Top Ten Movies of 2011|Tyler Hayes|2011|Undefeated|11
Top Ten Movies of 2011|Tyler Hayes|2011|Tinker Tailor Soldier Spy|12
Top Ten Movies of 2011|Tyler Hayes|2011|Hugo|13
Top Ten Movies of 2011|Tyler Hayes|2011|Rango|14
Top Ten Movies of 2011|Tyler Hayes|2011|Bill Cunningham New York|15
Top Ten Movies of 2012|Tyler Hayes|2012|Samsara|1
Top Ten Movies of 2012|Tyler Hayes|2012|Life of Pi|2
Top Ten Movies of 2012|Tyler Hayes|2012|Django Unchained|3
Top Ten Movies of 2012|Tyler Hayes|2012|Les Miserables|4
Top Ten Movies of 2012|Tyler Hayes|2012|Cloud Atlas|5
Top Ten Movies of 2012|Tyler Hayes|2012|Silver Linings Playbook|6
Top Ten Movies of 2012|Tyler Hayes|2012|Anna Karenina|7
Top Ten Movies of 2012|Tyler Hayes|2012|Moonrise Kingdom|9
Top Ten Movies of 2012|Tyler Hayes|2012|Searching for Sugar Man|8
Top Ten Movies of 2012|Tyler Hayes|2012|The Dark Knight Rises|10
Top Ten Movies of 2013|Tyler Hayes|2013|The Place Beyond the Pines|1
Top Ten Movies of 2013|Tyler Hayes|2013|West of Memphis|2
Top Ten Movies of 2013|Tyler Hayes|2013|August: Osage County|3
Top Ten Movies of 2013|Tyler Hayes|2013|American Hustle|4
Top Ten Movies of 2013|Tyler Hayes|2013|Mud|5
Top Ten Movies of 2013|Tyler Hayes|2013|12 Years a Slave|6
Top Ten Movies of 2013|Tyler Hayes|2013|Prisoners|7
Top Ten Movies of 2013|Tyler Hayes|2013|Captain Phillips|8
Top Ten Movies of 2013|Tyler Hayes|2013|Nebraska|9
Top Ten Movies of 2013|Tyler Hayes|2013|Philomena|10
Top Ten Movies of 2014|Tyler Hayes|2014|Selma|1
Top Ten Movies of 2014|Tyler Hayes|2014|Whiplash|2
Top Ten Movies of 2014|Tyler Hayes|2014|Boyhood|3
Top Ten Movies of 2014|Tyler Hayes|2014|The Grand Budapest Hotel|4
Top Ten Movies of 2014|Tyler Hayes|2014|Interstellar|5
Top Ten Movies of 2014|Tyler Hayes|2014|Foxcatcher|6
Top Ten Movies of 2014|Tyler Hayes|2014|Gone Girl|7
Top Ten Movies of 2014|Tyler Hayes|2014|A Most Violent Year|8
Top Ten Movies of 2014|Tyler Hayes|2014|American Sniper|9
Top Ten Movies of 2014|Tyler Hayes|2014|Nightcrawler|10
Top Ten Movies of 2015|Tyler Hayes|2015|Inside Out|1
Top Ten Movies of 2015|Tyler Hayes|2015|The Revenant|2
Top Ten Movies of 2015|Tyler Hayes|2015|Spotlight|3
Top Ten Movies of 2015|Tyler Hayes|2015|The Big Short|4
Top Ten Movies of 2015|Tyler Hayes|2015|Steve Jobs|5
Top Ten Movies of 2015|Tyler Hayes|2015|Room|6
Top Ten Movies of 2015|Tyler Hayes|2015|The Look of Silence|7
Top Ten Movies of 2015|Tyler Hayes|2015|Sicario|8
Top Ten Movies of 2015|Tyler Hayes|2015|99 Homes|9
Top Ten Movies of 2015|Tyler Hayes|2015|The End of the Tour|10
Top Ten Movies of 1967|Roger Ebert|1967|Bonnie and Clyde|1
Top Ten Movies of 1967|Roger Ebert|1967|Ulysses|2
Top Ten Movies of 1967|Roger Ebert|1967|Blow-Up|3
Top Ten Movies of 1967|Roger Ebert|1967|The Graduate|4
Top Ten Movies of 1967|Roger Ebert|1967|A Man for All Seasons|5
Top Ten Movies of 1967|Roger Ebert|1967|The War Game|6
Top Ten Movies of 1967|Roger Ebert|1967|Reflections in a Golden Eye|7
Top Ten Movies of 1967|Roger Ebert|1967|Cool Hand Luke|8
Top Ten Movies of 1967|Roger Ebert|1967|Elvira Madigan|9
Top Ten Movies of 1967|Roger Ebert|1967|In the Heat of the Night|10
Top Ten Movies of 1968|Roger Ebert|1968|The Battle of Algiers|1
Top Ten Movies of 1968|Roger Ebert|1968|2001: A Space Odyssey|2
Top Ten Movies of 1968|Roger Ebert|1968|Falstaff|3
Top Ten Movies of 1968|Roger Ebert|1968|Faces|4
Top Ten Movies of 1968|Roger Ebert|1968|The Two of Us|5
Top Ten Movies of 1968|Roger Ebert|1968|The Producers|6
Top Ten Movies of 1968|Roger Ebert|1968|Oliver!|7
Top Ten Movies of 1968|Roger Ebert|1968|The Fifth Horseman Is Fear|8
Top Ten Movies of 1968|Roger Ebert|1968|Rachel, Rachel|9
Top Ten Movies of 1968|Roger Ebert|1968|Romeo and Juliet|10
Top Ten Movies of 1969|Roger Ebert|1969|Z|1
Top Ten Movies of 1969|Roger Ebert|1969|Medium Cool|2
Top Ten Movies of 1969|Roger Ebert|1969|Weekend|3
Top Ten Movies of 1969|Roger Ebert|1969|If....|4
Top Ten Movies of 1969|Roger Ebert|1969|Last Summer|5
Top Ten Movies of 1969|Roger Ebert|1969|The Wild Bunch|6
Top Ten Movies of 1969|Roger Ebert|1969|Easy Rider|7
Top Ten Movies of 1969|Roger Ebert|1969|True Grit|8
Top Ten Movies of 1969|Roger Ebert|1969|Downhill Racer|9
Top Ten Movies of 1969|Roger Ebert|1969|War and Peace|10
Top Ten Movies of 1970|Roger Ebert|1970|Five Easy Pieces|1
Top Ten Movies of 1970|Roger Ebert|1970|M*A*S*H|2
Top Ten Movies of 1970|Roger Ebert|1970|The Revolutionary|3
Top Ten Movies of 1970|Roger Ebert|1970|Patton|4
Top Ten Movies of 1970|Roger Ebert|1970|Woodstock|5
Top Ten Movies of 1970|Roger Ebert|1970|My Night at Maud's|6
Top Ten Movies of 1970|Roger Ebert|1970|Adalen 31|7
Top Ten Movies of 1970|Roger Ebert|1970|The Passion of Anna|8
Top Ten Movies of 1970|Roger Ebert|1970|The Wild Child|9
Top Ten Movies of 1970|Roger Ebert|1970|Fellini Satyricon|10
Top Ten Movies of 1971|Roger Ebert|1971|The Last Picture Show|1
Top Ten Movies of 1971|Roger Ebert|1971|McCabe and Mrs. Miller|2
Top Ten Movies of 1971|Roger Ebert|1971|Claire's Knee|3
Top Ten Movies of 1971|Roger Ebert|1971|The French Connection|4
Top Ten Movies of 1971|Roger Ebert|1971|Sunday, Bloody Sunday|5
Top Ten Movies of 1971|Roger Ebert|1971|Taking Off|6
Top Ten Movies of 1971|Roger Ebert|1971|Carnal Knowledge|7
Top Ten Movies of 1971|Roger Ebert|1971|Tristana|8
Top Ten Movies of 1971|Roger Ebert|1971|Goin' Down the Road|9
Top Ten Movies of 1971|Roger Ebert|1971|Bed and Board|10
Top Ten Movies of 1972|Roger Ebert|1972|The Godfather|1
Top Ten Movies of 1972|Roger Ebert|1972|Chloe in the Afternoon|2
Top Ten Movies of 1972|Roger Ebert|1972|Le Boucher|3
Top Ten Movies of 1972|Roger Ebert|1972|Murmur of the Heart|4
Top Ten Movies of 1972|Roger Ebert|1972|The Green Wall|5
Top Ten Movies of 1972|Roger Ebert|1972|The Sorrow and the Pity|6
Top Ten Movies of 1972|Roger Ebert|1972|The Garden of Finzi-Continis|7
Top Ten Movies of 1972|Roger Ebert|1972|Minnie and Moskowitz|8
Top Ten Movies of 1972|Roger Ebert|1972|Sounder|9
Top Ten Movies of 1972|Roger Ebert|1972|The Great Northfield, Minnesota Raid|10
Top Ten Movies of 1973|Roger Ebert|1973|Cries and Whispers|1
Top Ten Movies of 1973|Roger Ebert|1973|Last Tango in Paris|2
Top Ten Movies of 1973|Roger Ebert|1973|The Emigrants and The New Land|3
Top Ten Movies of 1973|Roger Ebert|1973|Blume in Love|4
Top Ten Movies of 1973|Roger Ebert|1973|The Iceman Cometh|5
Top Ten Movies of 1973|Roger Ebert|1973|The Exorcist|6
Top Ten Movies of 1973|Roger Ebert|1973|The Day of the Jackal|7
Top Ten Movies of 1973|Roger Ebert|1973|American Graffiti|8
Top Ten Movies of 1973|Roger Ebert|1973|Fellini's Roma|9
Top Ten Movies of 1973|Roger Ebert|1973|The Friends of Eddie Coyle|10
Top Ten Movies of 1974|Roger Ebert|1974|Scenes from a Marriage|1
Top Ten Movies of 1974|Roger Ebert|1974|Chinatown|2
Top Ten Movies of 1974|Roger Ebert|1974|The Mother and the Whore|3
Top Ten Movies of 1974|Roger Ebert|1974|Amarcord|4
Top Ten Movies of 1974|Roger Ebert|1974|The Last Detail|5
Top Ten Movies of 1974|Roger Ebert|1974|The Mirages|6
Top Ten Movies of 1974|Roger Ebert|1974|Day for Night|7
Top Ten Movies of 1974|Roger Ebert|1974|Mean Streets|8
Top Ten Movies of 1974|Roger Ebert|1974|My Uncle Antoine|9
Top Ten Movies of 1974|Roger Ebert|1974|The Conversation|10
Top Ten Movies of 1975|Roger Ebert|1975|Nashville|1
Top Ten Movies of 1975|Roger Ebert|1975|Night Moves|2
Top Ten Movies of 1975|Roger Ebert|1975|Alice Doesn't Live Here Anymore|3
Top Ten Movies of 1975|Roger Ebert|1975|Farewell, My Lovely|4
Top Ten Movies of 1975|Roger Ebert|1975|The Phantom of Liberty|5
Top Ten Movies of 1975|Roger Ebert|1975|A Brief Vacation|6
Top Ten Movies of 1975|Roger Ebert|1975|And Now My Love|7
Top Ten Movies of 1975|Roger Ebert|1975|A Woman Under the Influence|8
Top Ten Movies of 1975|Roger Ebert|1975|In Celebration|9
Top Ten Movies of 1975|Roger Ebert|1975|Dog Day Afternoon|10
Top Ten Movies of 1976|Roger Ebert|1976|Small Change|1
Top Ten Movies of 1976|Roger Ebert|1976|Taxi Driver|2
Top Ten Movies of 1976|Roger Ebert|1976|The Magic Flute|3
Top Ten Movies of 1976|Roger Ebert|1976|The Clockmaker|4
Top Ten Movies of 1976|Roger Ebert|1976|Network|5
Top Ten Movies of 1976|Roger Ebert|1976|Swept Away... by an unusual destiny in the blue sea of August|6
Top Ten Movies of 1976|Roger Ebert|1976|Rocky|7
Top Ten Movies of 1976|Roger Ebert|1976|All the President's Men|8
Top Ten Movies of 1976|Roger Ebert|1976|Silent Movie|9
Top Ten Movies of 1976|Roger Ebert|1976|The Shootist|10
Top Ten Movies of 1977|Roger Ebert|1977|3 Women|1
Top Ten Movies of 1977|Roger Ebert|1977|Providence|2
Top Ten Movies of 1977|Roger Ebert|1977|The Late Show|3
Top Ten Movies of 1977|Roger Ebert|1977|A Woman's Decision|4
Top Ten Movies of 1977|Roger Ebert|1977|Jail Bait|5
Top Ten Movies of 1977|Roger Ebert|1977|Close Encounters of the Third Kind|6
Top Ten Movies of 1977|Roger Ebert|1977|Aguirre, Wrath of God|7
Top Ten Movies of 1977|Roger Ebert|1977|Annie Hall|8
Top Ten Movies of 1977|Roger Ebert|1977|Sorcerer|9
Top Ten Movies of 1977|Roger Ebert|1977|Star Wars|10
Top Ten Movies of 1978|Roger Ebert|1978|An Unmarried Woman|1
Top Ten Movies of 1978|Roger Ebert|1978|Days of Heaven|2
Top Ten Movies of 1978|Roger Ebert|1978|Heart of Glass|3
Top Ten Movies of 1978|Roger Ebert|1978|Stroszek|4
Top Ten Movies of 1978|Roger Ebert|1978|Autumn Sonata|5
Top Ten Movies of 1978|Roger Ebert|1978|Interiors|6
Top Ten Movies of 1978|Roger Ebert|1978|Halloween|7
Top Ten Movies of 1978|Roger Ebert|1978|National Lampoon's Animal House|8
Top Ten Movies of 1978|Roger Ebert|1978|Kings of the Road|9
Top Ten Movies of 1978|Roger Ebert|1978|Superman|10
Top Ten Movies of 1979|Roger Ebert|1979|Apocalypse Now|1
Top Ten Movies of 1979|Roger Ebert|1979|Breaking Away|2
Top Ten Movies of 1979|Roger Ebert|1979|The Deer Hunter|3
Top Ten Movies of 1979|Roger Ebert|1979|The Marriage of Maria Braun|4
Top Ten Movies of 1979|Roger Ebert|1979|Hair|5
Top Ten Movies of 1979|Roger Ebert|1979|Saint Jack|6
Top Ten Movies of 1979|Roger Ebert|1979|Kramer vs. Kramer|7
Top Ten Movies of 1979|Roger Ebert|1979|The China Syndrome|8
Top Ten Movies of 1979|Roger Ebert|1979|Nosferatu, the Vampyre|9
Top Ten Movies of 1979|Roger Ebert|1979|10|10
Top Ten Movies of 1980|Roger Ebert|1980|The Black Stallion|1
Top Ten Movies of 1980|Roger Ebert|1980|Raging Bull|2
Top Ten Movies of 1980|Roger Ebert|1980|Kagemusha|3
Top Ten Movies of 1980|Roger Ebert|1980|Being There|4
Top Ten Movies of 1980|Roger Ebert|1980|Ordinary People|5
Top Ten Movies of 1980|Roger Ebert|1980|The Great Santini|6
Top Ten Movies of 1980|Roger Ebert|1980|The Empire Strikes Back|7
Top Ten Movies of 1980|Roger Ebert|1980|Coal Miner's Daughter|8
Top Ten Movies of 1980|Roger Ebert|1980|American Gigolo|9
Top Ten Movies of 1980|Roger Ebert|1980|Best Boy|10
Top Ten Movies of 1981|Roger Ebert|1981|My Dinner With Andre|1
Top Ten Movies of 1981|Roger Ebert|1981|Chariots of Fire|2
Top Ten Movies of 1981|Roger Ebert|1981|Gates of Heaven|3
Top Ten Movies of 1981|Roger Ebert|1981|Raiders of the Lost Ark|4
Top Ten Movies of 1981|Roger Ebert|1981|Heartland|5
Top Ten Movies of 1981|Roger Ebert|1981|Atlantic City|6
Top Ten Movies of 1981|Roger Ebert|1981|Thief|7
Top Ten Movies of 1981|Roger Ebert|1981|Body Heat|8
Top Ten Movies of 1981|Roger Ebert|1981|Tess|9
Top Ten Movies of 1981|Roger Ebert|1981|Reds|10
Top Ten Movies of 1982|Roger Ebert|1982|Sophie's Choice|1
Top Ten Movies of 1982|Roger Ebert|1982|Diva|2
Top Ten Movies of 1982|Roger Ebert|1982|E.T. the Extra-Terrestrial|3
Top Ten Movies of 1982|Roger Ebert|1982|Fitzcarraldo|4
Top Ten Movies of 1982|Roger Ebert|1982|The Burden of Dreams|4
Top Ten Movies of 1982|Roger Ebert|1982|Personal Best|5
Top Ten Movies of 1982|Roger Ebert|1982|Das Boot|6
Top Ten Movies of 1982|Roger Ebert|1982|Mephisto|7
Top Ten Movies of 1982|Roger Ebert|1982|Moonlighting|8
Top Ten Movies of 1982|Roger Ebert|1982|The Verdict|9
Top Ten Movies of 1982|Roger Ebert|1982|Wasn't That a Time|10
Top Ten Movies of 1983|Roger Ebert|1983|The Right Stuff|1
Top Ten Movies of 1983|Roger Ebert|1983|Terms of Endearment|2
Top Ten Movies of 1983|Roger Ebert|1983|The Year of Living Dangerously|3
Top Ten Movies of 1983|Roger Ebert|1983|Fanny & Alexander|4
Top Ten Movies of 1983|Roger Ebert|1983|Gandhi|5
Top Ten Movies of 1983|Roger Ebert|1983|El Norte|6
Top Ten Movies of 1983|Roger Ebert|1983|Testament|7
Top Ten Movies of 1983|Roger Ebert|1983|Silkwood|8
Top Ten Movies of 1983|Roger Ebert|1983|Say Amen, Somebody|9
Top Ten Movies of 1983|Roger Ebert|1983|Risky Business|10
Top Ten Movies of 1984|Roger Ebert|1984|Amadeus|1
Top Ten Movies of 1984|Roger Ebert|1984|Paris, Texas|2
Top Ten Movies of 1984|Roger Ebert|1984|Love Streams|3
Top Ten Movies of 1984|Roger Ebert|1984|This Is Spinal Tap|4
Top Ten Movies of 1984|Roger Ebert|1984|The Cotton Club|5
Top Ten Movies of 1984|Roger Ebert|1984|Secret Honor|6
Top Ten Movies of 1984|Roger Ebert|1984|The Killing Fields|7
Top Ten Movies of 1984|Roger Ebert|1984|Stranger Than Paradise|8
Top Ten Movies of 1984|Roger Ebert|1984|Choose Me|9
Top Ten Movies of 1984|Roger Ebert|1984|Purple Rain|10
Top Ten Movies of 1985|Roger Ebert|1985|The Color Purple|1
Top Ten Movies of 1985|Roger Ebert|1985|After Hours|2
Top Ten Movies of 1985|Roger Ebert|1985|The Falcon and the Snowman|3
Top Ten Movies of 1985|Roger Ebert|1985|Prizzi's Honor|4
Top Ten Movies of 1985|Roger Ebert|1985|Ran|5
Top Ten Movies of 1985|Roger Ebert|1985|Witness|6
Top Ten Movies of 1985|Roger Ebert|1985|Mad Max Beyond Thunderdome|7
Top Ten Movies of 1985|Roger Ebert|1985|Lost in America|8
Top Ten Movies of 1985|Roger Ebert|1985|Streetwise|9
Top Ten Movies of 1985|Roger Ebert|1985|Blood Simple|10
Top Ten Movies of 1986|Roger Ebert|1986|Platoon|1
Top Ten Movies of 1986|Roger Ebert|1986|Round Midnight|2
Top Ten Movies of 1986|Roger Ebert|1986|Hannah and Her Sisters|3
Top Ten Movies of 1986|Roger Ebert|1986|Sid & Nancy|4
Top Ten Movies of 1986|Roger Ebert|1986|Lucas|5
Top Ten Movies of 1986|Roger Ebert|1986|Vagabond|6
Top Ten Movies of 1986|Roger Ebert|1986|Trouble in Mind|7
Top Ten Movies of 1986|Roger Ebert|1986|Down and Out in Beverly Hills|8
Top Ten Movies of 1986|Roger Ebert|1986|Peggy Sue Got Married|9
Top Ten Movies of 1986|Roger Ebert|1986|Hard Choices|10
Top Ten Movies of 1987|Roger Ebert|1987|House of Games|1
Top Ten Movies of 1987|Roger Ebert|1987|The Big Easy|2
Top Ten Movies of 1987|Roger Ebert|1987|Barfly|3
Top Ten Movies of 1987|Roger Ebert|1987|The Last Emperor|4
Top Ten Movies of 1987|Roger Ebert|1987|Moonstruck|5
Top Ten Movies of 1987|Roger Ebert|1987|Prick Up Your Ears|6
Top Ten Movies of 1987|Roger Ebert|1987|Radio Days|7
Top Ten Movies of 1987|Roger Ebert|1987|Broadcast News|8
Top Ten Movies of 1987|Roger Ebert|1987|Lethal Weapon|9
Top Ten Movies of 1987|Roger Ebert|1987|Housekeeping|10
Top Ten Movies of 1988|Roger Ebert|1988|Mississippi Burning|1
Top Ten Movies of 1988|Roger Ebert|1988|The Accidental Tourist|2
Top Ten Movies of 1988|Roger Ebert|1988|The Unbearable Lightness of Being|3
Top Ten Movies of 1988|Roger Ebert|1988|Shy People|4
Top Ten Movies of 1988|Roger Ebert|1988|Salaam Bombay!|5
Top Ten Movies of 1988|Roger Ebert|1988|A Fish Called Wanda|6
Top Ten Movies of 1988|Roger Ebert|1988|Wings of Desire|7
Top Ten Movies of 1988|Roger Ebert|1988|Who Framed Roger Rabbit|8
Top Ten Movies of 1988|Roger Ebert|1988|Dear America: Letters Home From Vietnam|9
Top Ten Movies of 1988|Roger Ebert|1988|Running on Empty|10
Top Ten Movies of 1989|Roger Ebert|1989|Do the Right Thing|1
Top Ten Movies of 1989|Roger Ebert|1989|Drugstore Cowboy|2
Top Ten Movies of 1989|Roger Ebert|1989|My Left Foot|3
Top Ten Movies of 1989|Roger Ebert|1989|Born on the Fourth of July|4
Top Ten Movies of 1989|Roger Ebert|1989|Roger & Me|5
Top Ten Movies of 1989|Roger Ebert|1989|The Mighty Quinn|6
Top Ten Movies of 1989|Roger Ebert|1989|Field of Dreams|7
Top Ten Movies of 1989|Roger Ebert|1989|Crimes and Misdemeanors|8
Top Ten Movies of 1989|Roger Ebert|1989|Driving Miss Daisy|9
Top Ten Movies of 1989|Roger Ebert|1989|Say Anything|10
Top Ten Movies of the 1980s|Roger Ebert|1980|Raging Bull|1
Top Ten Movies of the 1980s|Roger Ebert|1983|The Right Stuff|2
Top Ten Movies of the 1980s|Roger Ebert|1982|E.T. the Extra-Terrestrial|3
Top Ten Movies of the 1980s|Roger Ebert|1989|Do the Right Thing|4
Top Ten Movies of the 1980s|Roger Ebert|1981|My Dinner With Andre|5
Top Ten Movies of the 1980s|Roger Ebert|1981|Raiders of the Lost Ark|6
Top Ten Movies of the 1980s|Roger Ebert|1985|Ran|7
Top Ten Movies of the 1980s|Roger Ebert|1988|Missippi Burning|8
Top Ten Movies of the 1980s|Roger Ebert|1986|Platoon|9
Top Ten Movies of the 1980s|Roger Ebert|1987|House of Games|10
Top Ten Movies of 1990|Roger Ebert|1990|Goodfellas|1
Top Ten Movies of 1990|Roger Ebert|1990|Monsieur Hire|2
Top Ten Movies of 1990|Roger Ebert|1990|Dances With Wolves|3
Top Ten Movies of 1990|Roger Ebert|1990|The Grifters|4
Top Ten Movies of 1990|Roger Ebert|1990|Reversal of Fortune|5
Top Ten Movies of 1990|Roger Ebert|1990|Santa Sangre|6
Top Ten Movies of 1990|Roger Ebert|1990|Last Exit to Brooklyn|7
Top Ten Movies of 1990|Roger Ebert|1990|Awakenings|8
Top Ten Movies of 1990|Roger Ebert|1990|The Cook, the Thief, His Wife and Her Lover|9
Top Ten Movies of 1990|Roger Ebert|1990|Mountains of the Moon|10
Top Ten Movies of 1991|Roger Ebert|1991|JFK|1
Top Ten Movies of 1991|Roger Ebert|1991|Boyz N the Hood|2
Top Ten Movies of 1991|Roger Ebert|1991|Beauty and the Beast|3
Top Ten Movies of 1991|Roger Ebert|1991|Grand Canyon|4
Top Ten Movies of 1991|Roger Ebert|1991|My Father's Glory|5
Top Ten Movies of 1991|Roger Ebert|1991|My Mother's Castle|5
Top Ten Movies of 1991|Roger Ebert|1991|A Woman's Tale|6
Top Ten Movies of 1991|Roger Ebert|1991|Life Is Sweet|7
Top Ten Movies of 1991|Roger Ebert|1991|The Man in the Moon|8
Top Ten Movies of 1991|Roger Ebert|1991|Thelma & Louise|9
Top Ten Movies of 1991|Roger Ebert|1991|The Rapture|10
Top Ten Movies of 1992|Roger Ebert|1992|Malcolm X|1
Top Ten Movies of 1992|Roger Ebert|1992|One False Move|2
Top Ten Movies of 1992|Roger Ebert|1992|Howards End|3
Top Ten Movies of 1992|Roger Ebert|1992|Flirting|4
Top Ten Movies of 1992|Roger Ebert|1992|The Crying Game|5
Top Ten Movies of 1992|Roger Ebert|1992|Damage|6
Top Ten Movies of 1992|Roger Ebert|1992|The Hairdresser's Husband|7
Top Ten Movies of 1992|Roger Ebert|1992|The Player|8
Top Ten Movies of 1992|Roger Ebert|1992|Unforgiven|9
Top Ten Movies of 1992|Roger Ebert|1992|Bad Lieutenant|10
Top Ten Movies of 1993|Roger Ebert|1993|Schindler's List|1
Top Ten Movies of 1993|Roger Ebert|1993|The Age of Innocence|2
Top Ten Movies of 1993|Roger Ebert|1993|The Piano|3
Top Ten Movies of 1993|Roger Ebert|1993|The Fugitive|4
Top Ten Movies of 1993|Roger Ebert|1993|The Joy Luck Club|5
Top Ten Movies of 1993|Roger Ebert|1993|Kalifornia|6
Top Ten Movies of 1993|Roger Ebert|1993|Like Water for Chocolate|7
Top Ten Movies of 1993|Roger Ebert|1993|Menace II Society|8
Top Ten Movies of 1993|Roger Ebert|1993|What's Love Got to Do With It|9
Top Ten Movies of 1993|Roger Ebert|1993|Ruby in Paradise|10
Top Ten Movies of 1994|Roger Ebert|1994|Hoop Dreams|1
Top Ten Movies of 1994|Roger Ebert|1994|Kieslowski's Three Colors Trilogy|2
Top Ten Movies of 1994|Roger Ebert|1994|Pulp Fiction|3
Top Ten Movies of 1994|Roger Ebert|1994|Forrest Gump|4
Top Ten Movies of 1994|Roger Ebert|1994|The Last Seduction|5
Top Ten Movies of 1994|Roger Ebert|1994|Fresh|6
Top Ten Movies of 1994|Roger Ebert|1994|The Blue Kite|7
Top Ten Movies of 1994|Roger Ebert|1994|Natural Born Killers|8
Top Ten Movies of 1994|Roger Ebert|1994|The New Age|9
Top Ten Movies of 1994|Roger Ebert|1994|Quiz Show|10
Top Ten Movies of 1995|Roger Ebert|1995|Leaving Las Vegas|1
Top Ten Movies of 1995|Roger Ebert|1995|Crumb|2
Top Ten Movies of 1995|Roger Ebert|1995|Dead Man Walking|3
Top Ten Movies of 1995|Roger Ebert|1995|Nixon|4
Top Ten Movies of 1995|Roger Ebert|1995|Casino|5
Top Ten Movies of 1995|Roger Ebert|1995|Apollo 13|6
Top Ten Movies of 1995|Roger Ebert|1995|Exotica|7
Top Ten Movies of 1995|Roger Ebert|1995|My Family|8
Top Ten Movies of 1995|Roger Ebert|1995|Carrington|9
Top Ten Movies of 1995|Roger Ebert|1995|A Walk in the Clouds|10
Top Ten Movies of 1996|Roger Ebert|1996|Fargo|1
Top Ten Movies of 1996|Roger Ebert|1996|Breaking the Waves|2
Top Ten Movies of 1996|Roger Ebert|1996|Secrets & Lies|3
Top Ten Movies of 1996|Roger Ebert|1996|Lone Star|4
Top Ten Movies of 1996|Roger Ebert|1996|Welcome to the Dollhouse|5
Top Ten Movies of 1996|Roger Ebert|1996|Bound|6
Top Ten Movies of 1996|Roger Ebert|1996|Hamlet|7
Top Ten Movies of 1996|Roger Ebert|1996|Everyone Says I Love You|8
Top Ten Movies of 1996|Roger Ebert|1996|Heidi Fleiss: Hollywood Madam|9
Top Ten Movies of 1996|Roger Ebert|1996|Big Night|10
Top Ten Movies of 1997|Roger Ebert|1997|Eve's Bayou|1
Top Ten Movies of 1997|Roger Ebert|1997|The Sweet Hereafter|2
Top Ten Movies of 1997|Roger Ebert|1997|Boogie Nights|3
Top Ten Movies of 1997|Roger Ebert|1997|Maborosi|4
Top Ten Movies of 1997|Roger Ebert|1997|Jackie Brown|5
Top Ten Movies of 1997|Roger Ebert|1997|Fast, Cheap & Out of Control|6
Top Ten Movies of 1997|Roger Ebert|1997|L.A. Confidential|7
Top Ten Movies of 1997|Roger Ebert|1997|In the Company of Men|8
Top Ten Movies of 1997|Roger Ebert|1997|Titanic|9
Top Ten Movies of 1997|Roger Ebert|1997|Wag the Dog|10
Top Ten Movies of 1998|Roger Ebert|1998|Dark City|1
Top Ten Movies of 1998|Roger Ebert|1998|Pleasantville|2
Top Ten Movies of 1998|Roger Ebert|1998|Saving Private Ryan|3
Top Ten Movies of 1998|Roger Ebert|1998|A Simple Plan|4
Top Ten Movies of 1998|Roger Ebert|1998|Happiness|5
Top Ten Movies of 1998|Roger Ebert|1998|Elizabeth|6
Top Ten Movies of 1998|Roger Ebert|1998|Babe: Pig in the City|7
Top Ten Movies of 1998|Roger Ebert|1998|Shakespeare in Love|8
Top Ten Movies of 1998|Roger Ebert|1998|Life Is Beautiful|9
Top Ten Movies of 1998|Roger Ebert|1998|Primary Colors|10
Top Ten Movies of 1999|Roger Ebert|1999|Being John Malkovich|1
Top Ten Movies of 1999|Roger Ebert|1999|Magnolia|2
Top Ten Movies of 1999|Roger Ebert|1999|Three Kings|3
Top Ten Movies of 1999|Roger Ebert|1999|Boy's Don't Cry|4
Top Ten Movies of 1999|Roger Ebert|1999|Bringing Out the Dead|5
Top Ten Movies of 1999|Roger Ebert|1999|Princess Mononoke|6
Top Ten Movies of 1999|Roger Ebert|1999|The War Zone|7
Top Ten Movies of 1999|Roger Ebert|1999|American Beauty|8
Top Ten Movies of 1999|Roger Ebert|1999|Topsy-Turvy|9
Top Ten Movies of 1999|Roger Ebert|1999|The Insider|10
Top Ten Movies of the 1990s|Roger Ebert|1994|Hoop Dreams|1
Top Ten Movies of the 1990s|Roger Ebert|1994|Pulp Fiction|2
Top Ten Movies of the 1990s|Roger Ebert|1990|GoodFellas|3
Top Ten Movies of the 1990s|Roger Ebert|1996|Fargo|4
Top Ten Movies of the 1990s|Roger Ebert|1994|Kieslowski's Three Colors Trilogy|5
Top Ten Movies of the 1990s|Roger Ebert|1993|Schindler's List|6
Top Ten Movies of the 1990s|Roger Ebert|1996|Breaking the Waves|7
Top Ten Movies of the 1990s|Roger Ebert|1995|Leaving Las Vegas|8
Top Ten Movies of the 1990s|Roger Ebert|1992|Malcolm X|9
Top Ten Movies of the 1990s|Roger Ebert|1991|JFK|10
Top Ten Movies of 2000|Roger Ebert|2000|Almost Famous|1
Top Ten Movies of 2000|Roger Ebert|2000|Wonder Boys|2
Top Ten Movies of 2000|Roger Ebert|2000|You Can Count on Me|3
Top Ten Movies of 2000|Roger Ebert|2000|Traffic|4
Top Ten Movies of 2000|Roger Ebert|2000|George Washington|5
Top Ten Movies of 2000|Roger Ebert|2000|The Cell|6
Top Ten Movies of 2000|Roger Ebert|2000|High Fidelity|7
Top Ten Movies of 2000|Roger Ebert|2000|Pollock|8
Top Ten Movies of 2000|Roger Ebert|2000|Crouching Tiger, Hidden Dragon|9
Top Ten Movies of 2000|Roger Ebert|2000|Requiem for a Dream|10
Top Ten Movies of 2001|Roger Ebert|2001|Monster's Ball|1
Top Ten Movies of 2001|Roger Ebert|2001|Black Hawk Down|2
Top Ten Movies of 2001|Roger Ebert|2001|In The Bedroom|3
Top Ten Movies of 2001|Roger Ebert|2001|Ghost World|4
Top Ten Movies of 2001|Roger Ebert|2001|Mulholland Dr.|5
Top Ten Movies of 2001|Roger Ebert|2001|Waking Life|6
Top Ten Movies of 2001|Roger Ebert|2001|Innocence|7
Top Ten Movies of 2001|Roger Ebert|2001|Wit|8
Top Ten Movies of 2001|Roger Ebert|2001|A Beautiful Mind|9
Top Ten Movies of 2001|Roger Ebert|2001|Gosford Park|10
Top Ten Movies of 2002|Roger Ebert|2002|Minority Report|1
Top Ten Movies of 2002|Roger Ebert|2002|City of God|2
Top Ten Movies of 2002|Roger Ebert|2002|Adaptation|3
Top Ten Movies of 2002|Roger Ebert|2002|Far From Heaven|4
Top Ten Movies of 2002|Roger Ebert|2002|13 Conversations About One Thing|5
Top Ten Movies of 2002|Roger Ebert|2002|Y tu mamá también|6
Top Ten Movies of 2002|Roger Ebert|2002|Invincible|7
Top Ten Movies of 2002|Roger Ebert|2002|Spirited Away|8
Top Ten Movies of 2002|Roger Ebert|2002|All or Nothing|9
Top Ten Movies of 2002|Roger Ebert|2002|The Quiet American|10
Top Ten Movies of 2003|Roger Ebert|2003|Monster|1
Top Ten Movies of 2003|Roger Ebert|2003|Lost in Translation|2
Top Ten Movies of 2003|Roger Ebert|2003|American Splendor|3
Top Ten Movies of 2003|Roger Ebert|2003|Finding Nemo|4
Top Ten Movies of 2003|Roger Ebert|2003|Master and Commander: The Far Side of the World|5
Top Ten Movies of 2003|Roger Ebert|2003|Mystic River|6
Top Ten Movies of 2003|Roger Ebert|2003|Owning Mahowny|7
Top Ten Movies of 2003|Roger Ebert|2003|The Son|8
Top Ten Movies of 2003|Roger Ebert|2003|Whale Rider|9
Top Ten Movies of 2003|Roger Ebert|2003|In America|10
Top Ten Movies of 2004|Roger Ebert|2004|Million Dollar Baby|1
Top Ten Movies of 2004|Roger Ebert|2004|Kill Bill, Vol. 2|2
Top Ten Movies of 2004|Roger Ebert|2004|Vera Drake|3
Top Ten Movies of 2004|Roger Ebert|2004|Spider-Man 2|4
Top Ten Movies of 2004|Roger Ebert|2004|Moolaadé|5
Top Ten Movies of 2004|Roger Ebert|2004|The Aviator|6
Top Ten Movies of 2004|Roger Ebert|2004|Baadasssss!|7
Top Ten Movies of 2004|Roger Ebert|2004|Sideways|8
Top Ten Movies of 2004|Roger Ebert|2004|Hotel Rwanda|9
Top Ten Movies of 2004|Roger Ebert|2004|Undertow|10
Top Ten Movies of 2005|Roger Ebert|2005|Crash|1
Top Ten Movies of 2005|Roger Ebert|2005|Syriana|2
Top Ten Movies of 2005|Roger Ebert|2005|Munich|3
Top Ten Movies of 2005|Roger Ebert|2005|Junebug|4
Top Ten Movies of 2005|Roger Ebert|2005|Brokeback Mountain|5
Top Ten Movies of 2005|Roger Ebert|2005|Me and You and Everyone We Know|6
Top Ten Movies of 2005|Roger Ebert|2005|Nine Lives|7
Top Ten Movies of 2005|Roger Ebert|2005|King Kong|8
Top Ten Movies of 2005|Roger Ebert|2005|Yes|9
Top Ten Movies of 2005|Roger Ebert|2005|Millions|10
Best Movies of 2006|Roger Ebert|2006|Akeelah and the Bee|
Best Movies of 2006|Roger Ebert|2006|Bubble|
Best Movies of 2006|Roger Ebert|2006|The Death of Mr. Lazarescu|
Best Movies of 2006|Roger Ebert|2006|49 Up|
Best Movies of 2006|Roger Ebert|2006|An Inconvenient Truth|
Best Movies of 2006|Roger Ebert|2006|L'Enfant|
Best Movies of 2006|Roger Ebert|2006|Man Push Cart|
Best Movies of 2006|Roger Ebert|2006|Marie Antoinette|
Best Movies of 2006|Roger Ebert|2006|Perfume|
Best Movies of 2006|Roger Ebert|2006|A Prairie Home Companion|
Best Movies of 2006|Roger Ebert|2006|The Queen|
Best Movies of 2006|Roger Ebert|2006|Three Times|
Best Movies of 2006|Roger Ebert|2006|Tristam Shandy: A Cock & Bull Story|
Best Movies of 2006|Roger Ebert|2006|Tsotsi|
Best Movies of 2006|Roger Ebert|2006|United 93|
Best Movies of 2006|Roger Ebert|2006|Volver|
Top Ten Movies of 2007|Roger Ebert|2007|Juno|1
Top Ten Movies of 2007|Roger Ebert|2007|No Country For Old Men|2
Top Ten Movies of 2007|Roger Ebert|2007|Before the Devil Knows Your Dead|3
Top Ten Movies of 2007|Roger Ebert|2007|Atonement|4
Top Ten Movies of 2007|Roger Ebert|2007|The Kite Runner|5
Top Ten Movies of 2007|Roger Ebert|2007|Away From her|6
Top Ten Movies of 2007|Roger Ebert|2007|Across the Universe|7
Top Ten Movies of 2007|Roger Ebert|2007|La Vie En Rose|8
Top Ten Movies of 2007|Roger Ebert|2007|The Great Debaters|9
Top Ten Movies of 2007|Roger Ebert|2007|Into the Wild|10
Best Movies of 2008|Roger Ebert|2008|Ballast|
Best Movies of 2008|Roger Ebert|2008|The Band's Visit|
Best Movies of 2008|Roger Ebert|2008|Che|
Best Movies of 2008|Roger Ebert|2008|Chop Shop|
Best Movies of 2008|Roger Ebert|2008|The Dark Knight|
Best Movies of 2008|Roger Ebert|2008|Doubt|
Best Movies of 2008|Roger Ebert|2008|The Fall|
Best Movies of 2008|Roger Ebert|2008|Frost/Nixon|
Best Movies of 2008|Roger Ebert|2008|Frozen River|
Best Movies of 2008|Roger Ebert|2008|Happy-Go-Lucky|
Best Movies of 2008|Roger Ebert|2008|Iron Man|
Best Movies of 2008|Roger Ebert|2008|Milk|
Best Movies of 2008|Roger Ebert|2008|Rachel Getting Married|
Best Movies of 2008|Roger Ebert|2008|The Reader|
Best Movies of 2008|Roger Ebert|2008|Revolutionary Road|
Best Movies of 2008|Roger Ebert|2008|Shotgun Stories|
Best Movies of 2008|Roger Ebert|2008|Slumdog Millionaire|
Best Movies of 2008|Roger Ebert|2008|Synecdoche, New York|
Best Movies of 2008|Roger Ebert|2008|W.|
Best Movies of 2008|Roger Ebert|2008|Wall-E|
Best Documentaries of 2008|Roger Ebert|2008|Encounters at the End of the World|
Best Documentaries of 2008|Roger Ebert|2008|I.O.U.S.A.|
Best Documentaries of 2008|Roger Ebert|2008|Man on Wire|
Best Documentaries of 2008|Roger Ebert|2008|Standard Operating Procedure|
Best Documentaries of 2008|Roger Ebert|2008|Trouble the Water|
Best Mainstream Movies of 2009|Roger Ebert|2009|Bad Lieutenant: Port of Call New Orleans|
Best Mainstream Movies of 2009|Roger Ebert|2009|Crazy Heart|
Best Mainstream Movies of 2009|Roger Ebert|2009|An Education|
Best Mainstream Movies of 2009|Roger Ebert|2009|The Hurt Locker|
Best Mainstream Movies of 2009|Roger Ebert|2009|Inglorious Basterds|
Best Mainstream Movies of 2009|Roger Ebert|2009|Knowing|
Best Mainstream Movies of 2009|Roger Ebert|2009|Precious|
Best Mainstream Movies of 2009|Roger Ebert|2009|A Serious Man|
Best Mainstream Movies of 2009|Roger Ebert|2009|Up in the Air|
Best Mainstream Movies of 2009|Roger Ebert|2009|The White Ribbon|
Best Independent Films of 2009|Roger Ebert|2009|Departures|
Best Independent Films of 2009|Roger Ebert|2009|Disgrace|
Best Independent Films of 2009|Roger Ebert|2009|Everlasting Moments|
Best Independent Films of 2009|Roger Ebert|2009|Goodbye Solo|
Best Independent Films of 2009|Roger Ebert|2009|Julia|
Best Independent Films of 2009|Roger Ebert|2009|Silent Light|
Best Independent Films of 2009|Roger Ebert|2009|Sin Nombre|
Best Independent Films of 2009|Roger Ebert|2009|Skin|
Best Independent Films of 2009|Roger Ebert|2009|Trucker|
Best Independent Films of 2009|Roger Ebert|2009|You, The Living|
Best Foreign Films of 2009|Roger Ebert|2009|Broken Embraces|
Best Foreign Films of 2009|Roger Ebert|2009|The Class|
Best Foreign Films of 2009|Roger Ebert|2009|Coco Before Chanel|
Best Foreign Films of 2009|Roger Ebert|2009|Gomorrah|
Best Foreign Films of 2009|Roger Ebert|2009|Lorna's Silence|
Best Foreign Films of 2009|Roger Ebert|2009|Munyurangabo|
Best Foreign Films of 2009|Roger Ebert|2009|O'Horton|
Best Foreign Films of 2009|Roger Ebert|2009|Paris|
Best Foreign Films of 2009|Roger Ebert|2009|Police, Adjective|
Best Foreign Films of 2009|Roger Ebert|2009|Revanche|
Best Foreign Films of 2009|Roger Ebert|2009|Seraphine|
Best Foreign Films of 2009|Roger Ebert|2009|Still Walking|
Best Foreign Films of 2009|Roger Ebert|2009|Summer Hours|
Best Foreign Films of 2009|Roger Ebert|2009|Tokyo Sonata|
Best Foreign Films of 2009|Roger Ebert|2009|Tulpan|
Best Documentaries of 2009|Roger Ebert|2009|Anvil! The Story of Anvil|
Best Documentaries of 2009|Roger Ebert|2009|Beaches of Agnes|
Best Documentaries of 2009|Roger Ebert|2009|Collapse|
Best Documentaries of 2009|Roger Ebert|2009|Food, Inc.|
Best Documentaries of 2009|Roger Ebert|2009|Must Read After My Death|
Best Documentaries of 2009|Roger Ebert|2009|Of Time and the City|
Best Documentaries of 2009|Roger Ebert|2009|The September Issue|
Best Documentaries of 2009|Roger Ebert|2009|Tyson|
Best Documentaries of 2009|Roger Ebert|2009|We Live In Public|
Best Documentaries of 2009|Roger Ebert|2009|What's the Matter With Kansas?|
Best Animated Movies of 2009|Roger Ebert|2009|A Christmas Carol|
Best Animated Movies of 2009|Roger Ebert|2009|Coraline|
Best Animated Movies of 2009|Roger Ebert|2009|Fantastic Mr. Fox|
Best Animated Movies of 2009|Roger Ebert|2009|Sita Sings the Blues|
Best Animated Movies of 2009|Roger Ebert|2009|9|
Best Animated Movies of 2009|Roger Ebert|2009|Ice Age 3: Dawn of the Dinosaurs|
Best Animated Movies of 2009|Roger Ebert|2009|Ponyo|
Best Animated Movies of 2009|Roger Ebert|2009|The Princess and the Frog|
Best Animated Movies of 2009|Roger Ebert|2009|Up|
Best Animated Movies of 2009|Roger Ebert|2009|Waltz with Bashir|
Top Ten Movies of the Decade: 2000-2009|Roger Ebert|2008|Synecdoche, New York|1
Top Ten Movies of the Decade: 2000-2009|Roger Ebert|2009|The Hurt Locker|2
Top Ten Movies of the Decade: 2000-2009|Roger Ebert|2004|Moster|3
Top Ten Movies of the Decade: 2000-2009|Roger Ebert|2007|Juno|4
Top Ten Movies of the Decade: 2000-2009|Roger Ebert|2005|Me and You and Everyone We Know|5
Top Ten Movies of the Decade: 2000-2009|Roger Ebert|2008|Chop Shop|6
Top Ten Movies of the Decade: 2000-2009|Roger Ebert|2002|The Son|7
Top Ten Movies of the Decade: 2000-2009|Roger Ebert|2003|25th Hour|8
Top Ten Movies of the Decade: 2000-2009|Roger Ebert|2000|Almost Famous|9
Top Ten Movies of the Decade: 2000-2009|Roger Ebert|2008|My Winnipeg|10
Top Ten Movies of 2010|Roger Ebert|2010|The Social Network|1
Top Ten Movies of 2010|Roger Ebert|2010|The King's Speech|2
Top Ten Movies of 2010|Roger Ebert|2010|Black Swan|3
Top Ten Movies of 2010|Roger Ebert|2010|I Am Love|4
Top Ten Movies of 2010|Roger Ebert|2010|Winter's Bone|5
Top Ten Movies of 2010|Roger Ebert|2010|Inception|6
Top Ten Movies of 2010|Roger Ebert|2010|The Secret in Their Eyes|7
Top Ten Movies of 2010|Roger Ebert|2010|The American|8
Top Ten Movies of 2010|Roger Ebert|2010|The Kids Are All Right|9
Top Ten Movies of 2010|Roger Ebert|2010|The Ghost Writer|10
Top 20 Movies of 2011|Roger Ebert|2011|A Separation|1
Top 20 Movies of 2011|Roger Ebert|2011|Shame|2
Top 20 Movies of 2011|Roger Ebert|2011|The Tree of Life|3
Top 20 Movies of 2011|Roger Ebert|2011|Hugo|4
Top 20 Movies of 2011|Roger Ebert|2011|Take Shelter|5
Top 20 Movies of 2011|Roger Ebert|2011|Kinyarwanda|6
Top 20 Movies of 2011|Roger Ebert|2011|Drive|7
Top 20 Movies of 2011|Roger Ebert|2011|Midnight in Paris|8
Top 20 Movies of 2011|Roger Ebert|2011|Le Havre|9
Top 20 Movies of 2011|Roger Ebert|2011|The Artist|10
Top 20 Movies of 2011|Roger Ebert|2011|Melancholia|11
Top 20 Movies of 2011|Roger Ebert|2011|Terri|12
Top 20 Movies of 2011|Roger Ebert|2011|The Descendents|13
Top 20 Movies of 2011|Roger Ebert|2011|Margaret|14
Top 20 Movies of 2011|Roger Ebert|2011|Martha Marcy May Marlene|15
Top 20 Movies of 2011|Roger Ebert|2011|Harry Potter and the Deathly Hollows Part 2|16
Top 20 Movies of 2011|Roger Ebert|2011|Trust|17
Top 20 Movies of 2011|Roger Ebert|2011|Life, Above All|18
Top 20 Movies of 2011|Roger Ebert|2011|The Mill and the Cross|19
Top 20 Movies of 2011|Roger Ebert|2011|Another Earth|20
Top 20 Documentaries of 2011|Roger Ebert|2011|The Interrupters|1
Top 20 Documentaries of 2011|Roger Ebert|2011|Bill Cunningham New York|2
Top 20 Documentaries of 2011|Roger Ebert|2011|Into the Abyss: A Tale of Death, A Tale of Life|3
Top 20 Documentaries of 2011|Roger Ebert|2011|Tabloid|4
Top 20 Documentaries of 2011|Roger Ebert|2011|Resurrect Dead: The Mystery of the Toynbee Tiles|5
Top 20 Documentaries of 2011|Roger Ebert|2011|Cave of Forgotten Dreams|6
Top 20 Documentaries of 2011|Roger Ebert|2011|Pina|7
Top 20 Documentaries of 2011|Roger Ebert|2011|Garbo the Spy|8
Top 20 Documentaries of 2011|Roger Ebert|2011|The Last Mountain|9
Top 20 Documentaries of 2011|Roger Ebert|2011|Louder than a Bomb|10
Top 20 Documentaries of 2011|Roger Ebert|2011|Page One: Inside the New York Times|11
Top 20 Documentaries of 2011|Roger Ebert|2011|One Lucky Elephant|12
Top 20 Documentaries of 2011|Roger Ebert|2011|Buck|13
Top 20 Documentaries of 2011|Roger Ebert|2011|Conan O'Brian Can't Stop|14
Top 20 Documentaries of 2011|Roger Ebert|2011|Strongman|15
Top 20 Documentaries of 2011|Roger Ebert|2011|Project Nim|16
Top 20 Documentaries of 2011|Roger Ebert|2011|Waste Land|17
Top 20 Documentaries of 2011|Roger Ebert|2011|Phunny Business: A Black Comedy|18
Top 20 Documentaries of 2011|Roger Ebert|2011|Make Believe|19
Top 20 Documentaries of 2011|Roger Ebert|2011|Being Elmo: A Puppeteer’s Journey|20
Top Ten Movies of 2012|Roger Ebert|2012|Argo|1
Top Ten Movies of 2012|Roger Ebert|2012|Life of Pi|2
Top Ten Movies of 2012|Roger Ebert|2012|Lincoln|3
Top Ten Movies of 2012|Roger Ebert|2012|End of Watch|4
Top Ten Movies of 2012|Roger Ebert|2012|Arbitrage|5
Top Ten Movies of 2012|Roger Ebert|2012|Flight|6
Top Ten Movies of 2012|Roger Ebert|2012|The Sessions|7
Top Ten Movies of 2012|Roger Ebert|2012|Beasts of the Southern Wild|8
Top Ten Movies of 2012|Roger Ebert|2012|Oslo, August 31|9
Top Ten Movies of 2012|Roger Ebert|2012|A Simple Life|10
Top Ten Movies of 1969|Gene Siskel|1969|Z|1
Top Ten Movies of 1969|Gene Siskel|1969|Midnight Cowboy|2
Top Ten Movies of 1969|Gene Siskel|1969|Alice's Restaurant|3
Top Ten Movies of 1969|Gene Siskel|1969|Simon of the Desert|4
Top Ten Movies of 1969|Gene Siskel|1969|The Heart Is a Lonely Hunter|5
Top Ten Movies of 1969|Gene Siskel|1969|Oh! What a Lovely War|6
Top Ten Movies of 1969|Gene Siskel|1969|The Wild Bunch|7
Top Ten Movies of 1969|Gene Siskel|1969|if....|8
Top Ten Movies of 1969|Gene Siskel|1969|Pretty Poison|9
Top Ten Movies of 1969|Gene Siskel|1969|Bob & Carol & Ted & Alice|10
Top Ten Movies of 1970|Gene Siskel|1970|My Night at Maud's|1
Top Ten Movies of 1970|Gene Siskel|1970|M*A*S*H|2
Top Ten Movies of 1970|Gene Siskel|1970|Women in Love|3
Top Ten Movies of 1970|Gene Siskel|1970|Five Easy Pieces|4
Top Ten Movies of 1970|Gene Siskel|1970|The Passion of Anna|5
Top Ten Movies of 1970|Gene Siskel|1970|Adalen 31|6
Top Ten Movies of 1970|Gene Siskel|1970|Salesman|7
Top Ten Movies of 1970|Gene Siskel|1970|Woodstock|8
Top Ten Movies of 1970|Gene Siskel|1970|Trilogy|9
Top Ten Movies of 1970|Gene Siskel|1970|The Wild Child|10
Top Ten Movies of 1971|Gene Siskel|1971|Claire's Knee|1
Top Ten Movies of 1971|Gene Siskel|1971|A New Leaf|2
Top Ten Movies of 1971|Gene Siskel|1971|McCabe and Mrs. Miller|3
Top Ten Movies of 1971|Gene Siskel|1971|Little Big Man|4
Top Ten Movies of 1971|Gene Siskel|1971|The Last Picture Show|5
Top Ten Movies of 1971|Gene Siskel|1971|Sunday, Bloody Sunday|6
Top Ten Movies of 1971|Gene Siskel|1971|Bed and Board|7
Top Ten Movies of 1971|Gene Siskel|1971|Dirty Harry|8
Top Ten Movies of 1971|Gene Siskel|1971|Husbands|9
Top Ten Movies of 1971|Gene Siskel|1971|Taking Off|10
Top Ten Movies of 1972|Gene Siskel|1972|The Godfather|1
Top Ten Movies of 1972|Gene Siskel|1972|The Sorrow and the Pity|2
Top Ten Movies of 1972|Gene Siskel|1972|Le Boucher|3
Top Ten Movies of 1972|Gene Siskel|1972|Cabaret|4
Top Ten Movies of 1972|Gene Siskel|1972|Two English Girls|5
Top Ten Movies of 1972|Gene Siskel|1972|A Clockwork Orange|6
Top Ten Movies of 1972|Gene Siskel|1972|Chloe in the Afternoon|7
Top Ten Movies of 1972|Gene Siskel|1972|Frenzy|8
Top Ten Movies of 1972|Gene Siskel|1972|Sounder|9
Top Ten Movies of 1972|Gene Siskel|1972|Ulzana's Raid|10
Top Ten Movies of 1973|Gene Siskel|1973|The Emigrants and The New Land|1
Top Ten Movies of 1973|Gene Siskel|1973|Last Tango in Paris|2
Top Ten Movies of 1973|Gene Siskel|1973|The Exorcist|3
Top Ten Movies of 1973|Gene Siskel|1973|Cries and Whispers|4
Top Ten Movies of 1973|Gene Siskel|1973|The Day of the Jackal|5
Top Ten Movies of 1973|Gene Siskel|1973|The Last of Sheila|6
Top Ten Movies of 1973|Gene Siskel|1973|The Day of the Dolphin|7
Top Ten Movies of 1973|Gene Siskel|1973|American Graffiti|8
Top Ten Movies of 1973|Gene Siskel|1973|Sisters|9
Top Ten Movies of 1973|Gene Siskel|1973|The Long Goodbye|10
Top Ten Movies of 1974|Gene Siskel|1974|Day for Night|1
Top Ten Movies of 1974|Gene Siskel|1974|The Last Detail|2
Top Ten Movies of 1974|Gene Siskel|1974|Amarcord|3
Top Ten Movies of 1974|Gene Siskel|1974|The Conversation|4
Top Ten Movies of 1974|Gene Siskel|1974|Mean Streets|5
Top Ten Movies of 1974|Gene Siskel|1974|Scenes from a Marriage|6
Top Ten Movies of 1974|Gene Siskel|1974|Lacombe, Lucien|7
Top Ten Movies of 1974|Gene Siskel|1974|Harry and Tonto|8
Top Ten Movies of 1974|Gene Siskel|1974|The Mother and the Whore|9
Top Ten Movies of 1974|Gene Siskel|1974|Wedding in Blood|10
Top Ten Movies of 1975|Gene Siskel|1975|Nashville|1
Top Ten Movies of 1975|Gene Siskel|1975|The Passenger|2
Top Ten Movies of 1975|Gene Siskel|1975|Love and Death|3
Top Ten Movies of 1975|Gene Siskel|1975|Dog Day Afternoon|4
Top Ten Movies of 1975|Gene Siskel|1975|Barry Lyndon|5
Top Ten Movies of 1975|Gene Siskel|1975|And Now My Love|6
Top Ten Movies of 1975|Gene Siskel|1975|Dodes'ka-den|7
Top Ten Movies of 1975|Gene Siskel|1975|The Homecoming|8
Top Ten Movies of 1975|Gene Siskel|1975|Antonia: Portrait of a Women|9
Top Ten Movies of 1975|Gene Siskel|1975|Hustle|10
Top Ten Movies of 1976|Gene Siskel|1976|All the President's Men|1
Top Ten Movies of 1976|Gene Siskel|1976|Network|2
Top Ten Movies of 1976|Gene Siskel|1976|Brothel No. 8|3
Top Ten Movies of 1976|Gene Siskel|1976|Small Change|4
Top Ten Movies of 1976|Gene Siskel|1976|Stay Hungry|5
Top Ten Movies of 1976|Gene Siskel|1976|Cousin, Cousine|6
Top Ten Movies of 1976|Gene Siskel|1976|Taxi Driver|7
Top Ten Movies of 1976|Gene Siskel|1976|Buffalo Bill and the Indians, or Sitting Bull's History Lesson|8
Top Ten Movies of 1976|Gene Siskel|1976|The Seven-Per-Cent Solution|9
Top Ten Movies of 1976|Gene Siskel|1976|The Man Who Would Be King|10
Top Ten Movies of 1977|Gene Siskel|1977|Annie Hall|1
Top Ten Movies of 1977|Gene Siskel|1977|The Late Show|2
Top Ten Movies of 1977|Gene Siskel|1977|In the Realm of the Senses|3
Top Ten Movies of 1977|Gene Siskel|1977|Close Encounters of the Third Kind|4
Top Ten Movies of 1977|Gene Siskel|1977|Saturday Night Fever|5
Top Ten Movies of 1977|Gene Siskel|1977|Harlan County, U.S.A.|6
Top Ten Movies of 1977|Gene Siskel|1977|Star Wars|7
Top Ten Movies of 1977|Gene Siskel|1977|Oh, God!|8
Top Ten Movies of 1977|Gene Siskel|1977|Pumping Iron|9
Top Ten Movies of 1977|Gene Siskel|1977|Rolling Thunder|10
Top Ten Movies of 1978|Gene Siskel|1978|Straight Time|1
Top Ten Movies of 1978|Gene Siskel|1978|Pretty Baby|2
Top Ten Movies of 1978|Gene Siskel|1978|Days of Heaven|3
Top Ten Movies of 1978|Gene Siskel|1978|Blue Collar|4
Top Ten Movies of 1978|Gene Siskel|1978|Autumn Sonata|5
Top Ten Movies of 1978|Gene Siskel|1978|The Buddy Holly Story|6
Top Ten Movies of 1978|Gene Siskel|1978|Coming Home|7
Top Ten Movies of 1978|Gene Siskel|1978|Halloween|8
Top Ten Movies of 1978|Gene Siskel|1978|Magic|9
Top Ten Movies of 1978|Gene Siskel|1978|Stroszek|10
Top Ten Movies of 1979|Gene Siskel|1979|Hair|1
Top Ten Movies of 1979|Gene Siskel|1979|Kramer vs. Kramer|2
Top Ten Movies of 1979|Gene Siskel|1979|The Deer Hunter|3
Top Ten Movies of 1979|Gene Siskel|1979|Breaking Away|4
Top Ten Movies of 1979|Gene Siskel|1979|Manhattan|5
Top Ten Movies of 1979|Gene Siskel|1979|The Marriage of Maria Braun|6
Top Ten Movies of 1979|Gene Siskel|1979|Nosferatu, the Vampyre|7
Top Ten Movies of 1979|Gene Siskel|1979|The Onion Field|8
Top Ten Movies of 1979|Gene Siskel|1979|Time After Time|9
Top Ten Movies of 1979|Gene Siskel|1979|The China Syndrome|10
Top Ten Movies of 1980|Gene Siskel|1980|Raging Bull|1
Top Ten Movies of 1980|Gene Siskel|1980|Ordinary People|2
Top Ten Movies of 1980|Gene Siskel|1980|Coal Miner's Daughter|3
Top Ten Movies of 1980|Gene Siskel|1980|The Tree of Wooden Clogs|4
Top Ten Movies of 1980|Gene Siskel|1980|Kagemusha|5
Top Ten Movies of 1980|Gene Siskel|1980|Being There|6
Top Ten Movies of 1980|Gene Siskel|1980|The Black Stallion|7
Top Ten Movies of 1980|Gene Siskel|1980|The Blues Brothers|8
Top Ten Movies of 1980|Gene Siskel|1980|The Great Santini|9
Top Ten Movies of 1980|Gene Siskel|1980|The Stunt Man|10
Top Ten Movies of 1981|Gene Siskel|1981|Ragtime|1
Top Ten Movies of 1981|Gene Siskel|1981|My Dinner With Andre|2
Top Ten Movies of 1981|Gene Siskel|1981|Raiders of the Lost Ark|3
Top Ten Movies of 1981|Gene Siskel|1981|Mon Oncle d'Amerique|4
Top Ten Movies of 1981|Gene Siskel|1981|Gates of Heaven|5
Top Ten Movies of 1981|Gene Siskel|1981|Bye Bye Brazil|6
Top Ten Movies of 1981|Gene Siskel|1981|Prince of the City|7
Top Ten Movies of 1981|Gene Siskel|1981|Melvin and Howard|8
Top Ten Movies of 1981|Gene Siskel|1981|Body Heat|9
Top Ten Movies of 1981|Gene Siskel|1981|The French Lieutenant's Woman|10
Top Ten Movies of 1982|Gene Siskel|1982|Moonlighting|1
Top Ten Movies of 1982|Gene Siskel|1982|Tootsie|2
Top Ten Movies of 1982|Gene Siskel|1982|E.T.|3
Top Ten Movies of 1982|Gene Siskel|1982|Diva|4
Top Ten Movies of 1982|Gene Siskel|1982|Mephisto|5
Top Ten Movies of 1982|Gene Siskel|1982|Lola|6
Top Ten Movies of 1982|Gene Siskel|1982|Personal Best|7
Top Ten Movies of 1982|Gene Siskel|1982|Das Boot|8
Top Ten Movies of 1982|Gene Siskel|1982|Three Brothers|9
Top Ten Movies of 1982|Gene Siskel|1982|An Officer and a Gentleman|10
Top Ten Movies of 1983|Gene Siskel|1983|The Right Stuff|1
Top Ten Movies of 1983|Gene Siskel|1983|Terms of Endearment|2
Top Ten Movies of 1983|Gene Siskel|1983|Betrayal|3
Top Ten Movies of 1983|Gene Siskel|1983|Fanny and Alexander|4
Top Ten Movies of 1983|Gene Siskel|1983|Star 80|5
Top Ten Movies of 1983|Gene Siskel|1983|The Year of Living Dangerously|6
Top Ten Movies of 1983|Gene Siskel|1983|Silkwood|7
Top Ten Movies of 1983|Gene Siskel|1983|Pauline at the Beach|8
Top Ten Movies of 1983|Gene Siskel|1983|Risky Business|9
Top Ten Movies of 1983|Gene Siskel|1983|The Big Chill|10
Top Ten Movies of 1984|Gene Siskel|1984|Once Upon a Time in America|1
Top Ten Movies of 1984|Gene Siskel|1984|Amadeus|2
Top Ten Movies of 1984|Gene Siskel|1984|The Cotton Club|3
Top Ten Movies of 1984|Gene Siskel|1984|Entre Nous|4
Top Ten Movies of 1984|Gene Siskel|1984|Purple Rain|5
Top Ten Movies of 1984|Gene Siskel|1984|The Killing Fields|6
Top Ten Movies of 1984|Gene Siskel|1984|Secret Honor|7
Top Ten Movies of 1984|Gene Siskel|1984|A Passge to India|8
Top Ten Movies of 1984|Gene Siskel|1984|Micki & Maude|9
Top Ten Movies of 1984|Gene Siskel|1984|The Natural|10
Top Ten Movies of 1985|Gene Siskel|1985|Ran|1
Top Ten Movies of 1985|Gene Siskel|1985|The Color Purple|2
Top Ten Movies of 1985|Gene Siskel|1985|Streetwise|3
Top Ten Movies of 1985|Gene Siskel|1985|Prizzi's Honor|4
Top Ten Movies of 1985|Gene Siskel|1985|The Official Story|5
Top Ten Movies of 1985|Gene Siskel|1985|Mishima|6
Top Ten Movies of 1985|Gene Siskel|1985|The Falcon and the Snowman|7
Top Ten Movies of 1985|Gene Siskel|1985|Back to the Future|8
Top Ten Movies of 1985|Gene Siskel|1985|The Purple Rose of Cairo|9
Top Ten Movies of 1985|Gene Siskel|1985|Wetherby|10
Top Ten Movies of 1986|Gene Siskel|1986|Shoah|1
Top Ten Movies of 1986|Gene Siskel|1986|Hannah and Her Sisters|2
Top Ten Movies of 1986|Gene Siskel|1986|Vagabond|3
Top Ten Movies of 1986|Gene Siskel|1986|A Room With a View|4
Top Ten Movies of 1986|Gene Siskel|1986|Mona Lisa|5
Top Ten Movies of 1986|Gene Siskel|1986|Peggy Sue Got Married|6
Top Ten Movies of 1986|Gene Siskel|1986|Blue Velvet|7
Top Ten Movies of 1986|Gene Siskel|1986|Children of a Lesser God|8
Top Ten Movies of 1986|Gene Siskel|1986|Round Midnight|9
Top Ten Movies of 1986|Gene Siskel|1986|The Fly|10
Top Ten Movies of 1987|Gene Siskel|1987|The Last Emperor|1
Top Ten Movies of 1987|Gene Siskel|1987|Full Metal Jacket|2
Top Ten Movies of 1987|Gene Siskel|1987|House of Games|3
Top Ten Movies of 1987|Gene Siskel|1987|Jean de Florette|4
Top Ten Movies of 1987|Gene Siskel|1987|Manon of the Spring|4
Top Ten Movies of 1987|Gene Siskel|1987|Broadcast News|5
Top Ten Movies of 1987|Gene Siskel|1987|Radio Days|6
Top Ten Movies of 1987|Gene Siskel|1987|River's Edge|7
Top Ten Movies of 1987|Gene Siskel|1987|Prick Up Your Ears|8
Top Ten Movies of 1987|Gene Siskel|1987|Roxanne|9
Top Ten Movies of 1987|Gene Siskel|1987|The Big Easy|10
Top Ten Movies of 1988|Gene Siskel|1988|The Last Temptation of Christ|1
Top Ten Movies of 1988|Gene Siskel|1988|Who Framed Roger Rabbit|2
Top Ten Movies of 1988|Gene Siskel|1988|Bull Durham|3
Top Ten Movies of 1988|Gene Siskel|1988|Little Dorritt|4
Top Ten Movies of 1988|Gene Siskel|1988|Midnight Run|5
Top Ten Movies of 1988|Gene Siskel|1988|The Thin Blue Line|6
Top Ten Movies of 1988|Gene Siskel|1988|Hotel Terminus: The Life and Times of Klaus Barbie|7
Top Ten Movies of 1988|Gene Siskel|1988|The Unbearable Lightness of Being|8
Top Ten Movies of 1988|Gene Siskel|1988|Working Girl|9
Top Ten Movies of 1988|Gene Siskel|1988|Funny Farm|10
Top Ten Movies of 1989|Gene Siskel|1989|Do the Right Thing|1
Top Ten Movies of 1989|Gene Siskel|1989|Roger & Me|2
Top Ten Movies of 1989|Gene Siskel|1989|Drugstore Cowboy|3
Top Ten Movies of 1989|Gene Siskel|1989|Enemies: A Love Story|4
Top Ten Movies of 1989|Gene Siskel|1989|Born on the Fourth of July|5
Top Ten Movies of 1989|Gene Siskel|1989|The Little Mermaid|6
Top Ten Movies of 1989|Gene Siskel|1989|Crimes and Misdemeanors|7
Top Ten Movies of 1989|Gene Siskel|1989|The Fabulous Baker Boys|8
Top Ten Movies of 1989|Gene Siskel|1989|Say Anything|9
Top Ten Movies of 1989|Gene Siskel|1989|The War of the Roses|10
Top Ten Movies of the 1980s|Gene Siskel|1980|Raging Bull|1
Top Ten Movies of the 1980s|Gene Siskel|1986|Shoah|2
Top Ten Movies of the 1980s|Gene Siskel|1983|The Right Stuff|3
Top Ten Movies of the 1980s|Gene Siskel|1981|My Dinner With Andre|4
Top Ten Movies of the 1980s|Gene Siskel|1988|Who Framed Roger Rabbit|5
Top Ten Movies of the 1980s|Gene Siskel|1989|Do the Right Thing|6
Top Ten Movies of the 1980s|Gene Siskel|1984|Once Upon a Time in America|7
Top Ten Movies of the 1980s|Gene Siskel|1982|Moonlighting|8
Top Ten Movies of the 1980s|Gene Siskel|1986|Sid and Nancy|9
Top Ten Movies of the 1980s|Gene Siskel|1980|Kagemusha|10
Top Ten Movies of 1990|Gene Siskel|1990|Goodfellas|1
Top Ten Movies of 1990|Gene Siskel|1990|After Dark, My Sweet|2
Top Ten Movies of 1990|Gene Siskel|1990|Avalon|3
Top Ten Movies of 1990|Gene Siskel|1990|The Plot Against Harry|4
Top Ten Movies of 1990|Gene Siskel|1990|Too Beautiful for You|5
Top Ten Movies of 1990|Gene Siskel|1990|Die Hard 2|6
Top Ten Movies of 1990|Gene Siskel|1990|Dances With Wolves|7
Top Ten Movies of 1990|Gene Siskel|1990|Reversal of Fortune|8
Top Ten Movies of 1990|Gene Siskel|1990|The Freshman|9
Top Ten Movies of 1990|Gene Siskel|1990|The Godfather Part III|10
Top Ten Movies of 1991|Gene Siskel|1991|Hearts of Darkness: A Filmmaker's Apocalypse|1
Top Ten Movies of 1991|Gene Siskel|1991|An Angel at My Table|2
Top Ten Movies of 1991|Gene Siskel|1991|Boyz N the Hood|3
Top Ten Movies of 1991|Gene Siskel|1991|La Belle Noiseuse|4
Top Ten Movies of 1991|Gene Siskel|1991|Beauty and the Beast|5
Top Ten Movies of 1991|Gene Siskel|1991|Grand Canyon|6
Top Ten Movies of 1991|Gene Siskel|1991|JFK|7
Top Ten Movies of 1991|Gene Siskel|1991|Ju Dou|8
Top Ten Movies of 1991|Gene Siskel|1991|Daddy Nostalgia|9
Top Ten Movies of 1991|Gene Siskel|1991|Once Around|10
Top Ten Movies of 1992|Gene Siskel|1992|One False Move|1
Top Ten Movies of 1992|Gene Siskel|1992|The Player|2
Top Ten Movies of 1992|Gene Siskel|1992|Howards End|3
Top Ten Movies of 1992|Gene Siskel|1992|The Crying Game|4
Top Ten Movies of 1992|Gene Siskel|1992|Malcolm X|5
Top Ten Movies of 1992|Gene Siskel|1992|The Hairdresser's Husband|6
Top Ten Movies of 1992|Gene Siskel|1992|Damage|7
Top Ten Movies of 1992|Gene Siskel|1992|Wayne's World|8
Top Ten Movies of 1992|Gene Siskel|1992|Mississippi Masala|9
Top Ten Movies of 1992|Gene Siskel|1992|Under Seige|10
Top Ten Movies of 1993|Gene Siskel|1993|Schindler's List|1
Top Ten Movies of 1993|Gene Siskel|1993|Short Cuts|2
Top Ten Movies of 1993|Gene Siskel|1993|The Piano|3
Top Ten Movies of 1993|Gene Siskel|1993|Farewell My Concubine|4
Top Ten Movies of 1993|Gene Siskel|1993|Menace II Society|5
Top Ten Movies of 1993|Gene Siskel|1993|The Fugitive|6
Top Ten Movies of 1993|Gene Siskel|1993|The Age of Innocence|7
Top Ten Movies of 1993|Gene Siskel|1993|The Joy Luck Club|8
Top Ten Movies of 1993|Gene Siskel|1993|King of the Hill|9
Top Ten Movies of 1993|Gene Siskel|1993|Map of the Human Heart|10
Top Ten Movies of 1994|Gene Siskel|1994|Hoop Dreams|1
Top Ten Movies of 1994|Gene Siskel|1994|Pulp Fiction|2
Top Ten Movies of 1994|Gene Siskel|1994|Ed Wood|3
Top Ten Movies of 1994|Gene Siskel|1994|32 Short Films About Glenn Gould|4
Top Ten Movies of 1994|Gene Siskel|1994|Quiz Show|5
Top Ten Movies of 1994|Gene Siskel|1994|Forrest Gump|6
Top Ten Movies of 1994|Gene Siskel|1994|Vanya on 42nd Street|7
Top Ten Movies of 1994|Gene Siskel|1994|The Shawshank Redemption|8
Top Ten Movies of 1994|Gene Siskel|1994|Red Rock West|9
Top Ten Movies of 1994|Gene Siskel|1994|Little Women|10
Top Ten Movies of 1995|Gene Siskel|1995|Crumb|1
Top Ten Movies of 1995|Gene Siskel|1995|Toy Story|2
Top Ten Movies of 1995|Gene Siskel|1995|Nixon|3
Top Ten Movies of 1995|Gene Siskel|1995|Babe|4
Top Ten Movies of 1995|Gene Siskel|1995|Dead Man Walking|5
Top Ten Movies of 1995|Gene Siskel|1995|Leaving Las Vegas|6
Top Ten Movies of 1995|Gene Siskel|1995|The American President|7
Top Ten Movies of 1995|Gene Siskel|1995|Exotica|8
Top Ten Movies of 1995|Gene Siskel|1995|Apollo 13|9
Top Ten Movies of 1995|Gene Siskel|1995|Les Miserables|10
Top Ten Movies of 1996|Gene Siskel|1996|Fargo|1
Top Ten Movies of 1996|Gene Siskel|1996|Secrets & Lies|2
Top Ten Movies of 1996|Gene Siskel|1996|Breaking the Waves|3
Top Ten Movies of 1996|Gene Siskel|1996|The English Patient|4
Top Ten Movies of 1996|Gene Siskel|1996|Lone Star|5
Top Ten Movies of 1996|Gene Siskel|1996|Looking for Richard|6
Top Ten Movies of 1996|Gene Siskel|1996|Paradise Lost|7
Top Ten Movies of 1996|Gene Siskel|1996|Welcome to the Dollhouse|8
Top Ten Movies of 1996|Gene Siskel|1996|Kingpin|9
Top Ten Movies of 1996|Gene Siskel|1996|Bound|10
Top Ten Movies of 1997|Gene Siskel|1997|The Ice Storm|1
Top Ten Movies of 1997|Gene Siskel|1997|L.A. Confidential|2
Top Ten Movies of 1997|Gene Siskel|1997|Wag the Dog|3
Top Ten Movies of 1997|Gene Siskel|1997|In the Company of Men|4
Top Ten Movies of 1997|Gene Siskel|1997|The End of Violence|5
Top Ten Movies of 1997|Gene Siskel|1997|The Full Monty|6
Top Ten Movies of 1997|Gene Siskel|1997|The Sweet Hereafter|7
Top Ten Movies of 1997|Gene Siskel|1997|Good Will Hunting|8
Top Ten Movies of 1997|Gene Siskel|1997|Mrs Brown|9
Top Ten Movies of 1997|Gene Siskel|1997|As Good As It Gets|10
Top Ten Movies of 1998|Gene Siskel|1998|Babe: Pig in the City|1
Top Ten Movies of 1998|Gene Siskel|1998|The Thin Red Line|2
Top Ten Movies of 1998|Gene Siskel|1998|Pleasantville|3
Top Ten Movies of 1998|Gene Siskel|1998|Saving Private Ryan|4
Top Ten Movies of 1998|Gene Siskel|1998|The Truman Show|5
Top Ten Movies of 1998|Gene Siskel|1998|Antz|6
Top Ten Movies of 1998|Gene Siskel|1998|Simon Birch|7
Top Ten Movies of 1998|Gene Siskel|1998|There's Something About Mary|8
Top Ten Movies of 1998|Gene Siskel|1998|Waking Ned Devine|9
Top Ten Movies of 1998|Gene Siskel|1998|Madadayo|10
Top Ten Movies of 1998|Gene Siskel|1998|Beloved|11
Top Ten Movies of 2000|Richard Roeper|2000|Crouching Tiger, Hidden Dragon|1
Top Ten Movies of 2000|Richard Roeper|2000|Traffic|2
Top Ten Movies of 2000|Richard Roeper|2000|The Claim|3
Top Ten Movies of 2000|Richard Roeper|2000|The Contender|4
Top Ten Movies of 2000|Richard Roeper|2000|Wonder Boys|5
Top Ten Movies of 2000|Richard Roeper|2000|Finding Forrester|6
Top Ten Movies of 2000|Richard Roeper|2000|You Can Count on Me|7
Top Ten Movies of 2000|Richard Roeper|2000|Sunshine|8
Top Ten Movies of 2000|Richard Roeper|2000|Cast Away|9
Top Ten Movies of 2000|Richard Roeper|2000|Almost Famous|10
Top Ten Movies of 2001|Richard Roeper|2001|Memento|1
Top Ten Movies of 2001|Richard Roeper|2001|Vanilla Sky|2
Top Ten Movies of 2001|Richard Roeper|2001|Mulholland Drive|3
Top Ten Movies of 2001|Richard Roeper|2001|A Beautiful Mind|4
Top Ten Movies of 2001|Richard Roeper|2001|In the Bedroom|5
Top Ten Movies of 2001|Richard Roeper|2001|Amores Perros|6
Top Ten Movies of 2001|Richard Roeper|2001|Dinner Rush|7
Top Ten Movies of 2001|Richard Roeper|2001|Happy Accidents|8
Top Ten Movies of 2001|Richard Roeper|2001|The Deep End|9
Top Ten Movies of 2001|Richard Roeper|2001|Shallow Hal|10
Top Ten Movies of 2002|Richard Roeper|2002|Gangs of New York|1
Top Ten Movies of 2002|Richard Roeper|2002|25th Hour|2
Top Ten Movies of 2002|Richard Roeper|2002|Minority Report|3
Top Ten Movies of 2002|Richard Roeper|2002|Y Tu Mama Tambien|4
Top Ten Movies of 2002|Richard Roeper|2002|Adaptation|5
Top Ten Movies of 2002|Richard Roeper|2002|Signs|6
Top Ten Movies of 2002|Richard Roeper|2002|Rabbit-Proof Fence|7
Top Ten Movies of 2002|Richard Roeper|2002|About Schmidt|8
Top Ten Movies of 2002|Richard Roeper|2002|One Hour Photo|9
Top Ten Movies of 2002|Richard Roeper|2002|About a Boy|10
Top Ten Movies of 2003|Richard Roeper|2003|In America|1
Top Ten Movies of 2003|Richard Roeper|2003|Mystic River|2
Top Ten Movies of 2003|Richard Roeper|2003|Lost in Translation|3
Top Ten Movies of 2003|Richard Roeper|2003|21 Grams|4
Top Ten Movies of 2003|Richard Roeper|2003|Elephant|5
Top Ten Movies of 2003|Richard Roeper|2003|The Barbarian Invasions|6
Top Ten Movies of 2003|Richard Roeper|2003|The Station Agent|7
Top Ten Movies of 2003|Richard Roeper|2003|Whale Rider|8
Top Ten Movies of 2003|Richard Roeper|2003|Monster|9
Top Ten Movies of 2003|Richard Roeper|2003|Seabiscuit|10
Top Ten Movies of 2004|Richard Roeper|2004|Hotel Rwanda|1
Top Ten Movies of 2004|Richard Roeper|2004|Eternal Sunshine of the Spotless Mind|2
Top Ten Movies of 2004|Richard Roeper|2004|The Aviator|3
Top Ten Movies of 2004|Richard Roeper|2004|Sideways|4
Top Ten Movies of 2004|Richard Roeper|2004|House of Flying Daggers|5
Top Ten Movies of 2004|Richard Roeper|2004|Million Dollar Baby|6
Top Ten Movies of 2004|Richard Roeper|2004|The Terminal|7
Top Ten Movies of 2004|Richard Roeper|2004|Kill Bill Vol. 2|8
Top Ten Movies of 2004|Richard Roeper|2004|Spanglish|9
Top Ten Movies of 2004|Richard Roeper|2004|Collateral|10
Top Ten Movies of 2005|Richard Roeper|2005|Syriana|1
Top Ten Movies of 2005|Richard Roeper|2005|The New World|2
Top Ten Movies of 2005|Richard Roeper|2005|Crash|3
Top Ten Movies of 2005|Richard Roeper|2005|Munich|4
Top Ten Movies of 2005|Richard Roeper|2005|Nine Lives|5
Top Ten Movies of 2005|Richard Roeper|2005|Capote|6
Top Ten Movies of 2005|Richard Roeper|2005|Brokeback Mountain|7
Top Ten Movies of 2005|Richard Roeper|2005|A History of Violence|8
Top Ten Movies of 2005|Richard Roeper|2005|Walk the Line|9
Top Ten Movies of 2005|Richard Roeper|2005|The 40-Year-Old Virgin|10
Top Ten Movies of 2006|Richard Roeper|2006|The Departed|1
Top Ten Movies of 2006|Richard Roeper|2006|The Queen|2
Top Ten Movies of 2006|Richard Roeper|2006|Letters from Iwo Jima|3
Top Ten Movies of 2006|Richard Roeper|2006|Flags of Our Fathers|3
Top Ten Movies of 2006|Richard Roeper|2006|United 93|4
Top Ten Movies of 2006|Richard Roeper|2006|The Lives of Others|5
Top Ten Movies of 2006|Richard Roeper|2006|Babel|6
Top Ten Movies of 2006|Richard Roeper|2006|Notes on a Scandal|7
Top Ten Movies of 2006|Richard Roeper|2006|The Good Shepherd|8
Top Ten Movies of 2006|Richard Roeper|2006|Little Miss Sunshine|9
Top Ten Movies of 2006|Richard Roeper|2006|Blood Diamond|10
Top Ten Movies of 2007|Richard Roeper|2007|Michael Clayton|1
Top Ten Movies of 2007|Richard Roeper|2007|No Country For Old Men|2
Top Ten Movies of 2007|Richard Roeper|2007|The Lookout|3
Top Ten Movies of 2007|Richard Roeper|2007|Juno|4
Top Ten Movies of 2007|Richard Roeper|2007|American Gangster|5
Top Ten Movies of 2007|Richard Roeper|2007|Gone Baby Gone|6
Top Ten Movies of 2007|Richard Roeper|2007|Zodiac|7
Top Ten Movies of 2007|Richard Roeper|2007|Superbad|8
Top Ten Movies of 2007|Richard Roeper|2007|Once|9
Top Ten Movies of 2007|Richard Roeper|2007|Paris, Je T'aime|10
Top 25 Movies of 2008|Richard Roeper|2008|Slumdog Millionaire|1
Top 25 Movies of 2008|Richard Roeper|2008|The Dark Knight|2
Top 25 Movies of 2008|Richard Roeper|2008|The Wrestler|3
Top 25 Movies of 2008|Richard Roeper|2008|In Bruges|4
Top 25 Movies of 2008|Richard Roeper|2008|I've Loved You So Long|5
Top 25 Movies of 2008|Richard Roeper|2008|Gran Torino|6
Top 25 Movies of 2008|Richard Roeper|2008|Milk|7
Top 25 Movies of 2008|Richard Roeper|2008|The Visitor|8
Top 25 Movies of 2008|Richard Roeper|2008|Forgetting Sarah Marshall|9
Top 25 Movies of 2008|Richard Roeper|2008|Frozen River|10
Top 25 Movies of 2008|Richard Roeper|2008|Doubt|11
Top 25 Movies of 2008|Richard Roeper|2008|Snow Angels|12
Top 25 Movies of 2008|Richard Roeper|2008|Frost/Nixon|13
Top 25 Movies of 2008|Richard Roeper|2008|The Reader|14
Top 25 Movies of 2008|Richard Roeper|2008|Seven Pounds|15
Top 25 Movies of 2008|Richard Roeper|2008|Iron Man|16
Top 25 Movies of 2008|Richard Roeper|2008|Vicky Cristina Barcelona|17
Top 25 Movies of 2008|Richard Roeper|2008|W.|18
Top 25 Movies of 2008|Richard Roeper|2008|Henry Poole Is Here|19
Top 25 Movies of 2008|Richard Roeper|2008|Burn After Reading|20
Top 25 Movies of 2008|Richard Roeper|2008|The Curious Case of Benjamin Button|21
Top 25 Movies of 2008|Richard Roeper|2008|WALL-E|22
Top 25 Movies of 2008|Richard Roeper|2008|The Bank Job|23
Top 25 Movies of 2008|Richard Roeper|2008|Tropic Thunder|24
Top 25 Movies of 2008|Richard Roeper|2008|Che|25
Top Ten Movies of 2009|Richard Roeper|2009|Brothers|1
Top Ten Movies of 2009|Richard Roeper|2009|Up in the Air|2
Top Ten Movies of 2009|Richard Roeper|2009|The Hurt Locker|3
Top Ten Movies of 2009|Richard Roeper|2009|(500) Days of Summer|4
Top Ten Movies of 2009|Richard Roeper|2009|Inglorious Basterds|5
Top Ten Movies of 2009|Richard Roeper|2009|Up|6
Top Ten Movies of 2009|Richard Roeper|2009|Avatar|7
Top Ten Movies of 2009|Richard Roeper|2009|Adventureland|8
Top Ten Movies of 2009|Richard Roeper|2009|An Education|9
Top Ten Movies of 2009|Richard Roeper|2009|The Informant!|10
Top Ten Movies of 2010|Richard Roeper|2010|Inception|1
Top Ten Movies of 2010|Richard Roeper|2010|The Fighter|2
Top Ten Movies of 2010|Richard Roeper|2010|The Social Network|3
Top Ten Movies of 2010|Richard Roeper|2010|The Kids Are All Right|4
Top Ten Movies of 2010|Richard Roeper|2010|The Town|5
Top Ten Movies of 2010|Richard Roeper|2010|Toy Story 3|6
Top Ten Movies of 2010|Richard Roeper|2010|127 Hours|7
Top Ten Movies of 2010|Richard Roeper|2010|True Grit|8
Top Ten Movies of 2010|Richard Roeper|2010|The King's Speech|9
Top Ten Movies of 2010|Richard Roeper|2010|Somewhere|10
Top Ten Movies of 2011|Richard Roeper|2011|Drive|1
Top Ten Movies of 2011|Richard Roeper|2011|The Artist|2
Top Ten Movies of 2011|Richard Roeper|2011|Contagion|3
Top Ten Movies of 2011|Richard Roeper|2011|The Tree of Life|4
Top Ten Movies of 2011|Richard Roeper|2011|The Descendants|5
Top Ten Movies of 2011|Richard Roeper|2011|Young Adult|6
Top Ten Movies of 2011|Richard Roeper|2011|Source Code|7
Top Ten Movies of 2011|Richard Roeper|2011|Moneyball|8
Top Ten Movies of 2011|Richard Roeper|2011|The Beaver|9
Top Ten Movies of 2011|Richard Roeper|2011|Hugo|10
Top Ten Movies of 2011|Richard Roeper|2011|50/50|11
Top Ten Movies of 2012|Richard Roeper|2012|Zero Dark Thirty|1
Top Ten Movies of 2012|Richard Roeper|2012|Argo|2
Top Ten Movies of 2012|Richard Roeper|2012|The Grey|3
Top Ten Movies of 2012|Richard Roeper|2012|Life of Pi|4
Top Ten Movies of 2012|Richard Roeper|2012|The Dark Knight Rises|5
Top Ten Movies of 2012|Richard Roeper|2012|Django Unchained|6
Top Ten Movies of 2012|Richard Roeper|2012|Flight|7
Top Ten Movies of 2012|Richard Roeper|2012|The Sessions|8
Top Ten Movies of 2012|Richard Roeper|2012|Prometheus|9
Top Ten Movies of 2012|Richard Roeper|2012|Lincoln|10
Best Movies of 2013|Richard Roeper|2013|American Hustle|
Best Movies of 2013|Richard Roeper|2013|Out of the Furnace|
Best Movies of 2013|Richard Roeper|2013|Mud|
Best Movies of 2013|Richard Roeper|2013|Gravity|
Best Movies of 2013|Richard Roeper|2013|The Spectacular Now|
Best Movies of 2013|Richard Roeper|2013|Captain Phillips|
Best Movies of 2013|Richard Roeper|2013|Nebraska|
Best Movies of 2013|Richard Roeper|2013|All is Lost|
Best Movies of 2013|Richard Roeper|2013|12 Years a Slave|
Best Movies of 2013|Richard Roeper|2013|The Counselor|
Best Movies of 2013|Richard Roeper|2013|Dallas Buyers Club|
Best Movies of 2013|Richard Roeper|2013|This is the End|
Best Movies of 2013|Richard Roeper|2013|Spring Breakers|
Top Ten Movies of 2014|Richard Roeper|2014|Boyhood|1
Top Ten Movies of 2014|Richard Roeper|2014|Interstellar|2
Top Ten Movies of 2014|Richard Roeper|2014|Locke|3
Top Ten Movies of 2014|Richard Roeper|2014|Birdman|4
Top Ten Movies of 2014|Richard Roeper|2014|The Drop|5
Top Ten Movies of 2014|Richard Roeper|2014|Whiplash|6
Top Ten Movies of 2014|Richard Roeper|2014|A Most Wanted Man|7
Top Ten Movies of 2014|Richard Roeper|2014|Foxcatcher|8
Top Ten Movies of 2014|Richard Roeper|2014|A Most Violent Year|9
Top Ten Movies of 2014|Richard Roeper|2014|Guardians of the Galaxy|10
Top Ten Movies of 2015|Richard Roeper|2015|Room|1
Top Ten Movies of 2015|Richard Roeper|2015|Inside Out|2
Top Ten Movies of 2015|Richard Roeper|2015|The Revenant|3
Top Ten Movies of 2015|Richard Roeper|2015|The Big Short|4
Top Ten Movies of 2015|Richard Roeper|2015|Mad Max: Fury Road|5
Top Ten Movies of 2015|Richard Roeper|2015|The Hateful Eight|6
Top Ten Movies of 2015|Richard Roeper|2015|Sicario|7
Top Ten Movies of 2015|Richard Roeper|2015|Spotlight|8
Top Ten Movies of 2015|Richard Roeper|2015|Star Wars: The Force Awakens|9
Top Ten Movies of 2015|Richard Roeper|2015|Straight Outta Compton|10
AFI's 100 Years...100 Movies|American Film Institute|1941|CITIZEN KANE|1
AFI's 100 Years...100 Movies|American Film Institute|1942|CASABLANCA|2
AFI's 100 Years...100 Movies|American Film Institute|1972|THE GODFATHER|3
AFI's 100 Years...100 Movies|American Film Institute|1939|GONE WITH THE WIND|4
AFI's 100 Years...100 Movies|American Film Institute|1962|LAWRENCE OF ARABIA|5
AFI's 100 Years...100 Movies|American Film Institute|1939|THE WIZARD OF OZ|6
AFI's 100 Years...100 Movies|American Film Institute|1967|THE GRADUATE|7
AFI's 100 Years...100 Movies|American Film Institute|1954|ON THE WATERFRONT|8
AFI's 100 Years...100 Movies|American Film Institute|1993|SCHINDLER'S LIST|9
AFI's 100 Years...100 Movies|American Film Institute|1952|SINGIN' IN THE RAIN|10
AFI's 100 Years...100 Movies|American Film Institute|1946|IT'S A WONDERFUL LIFE|11
AFI's 100 Years...100 Movies|American Film Institute|1950|SUNSET BLVD.|12
AFI's 100 Years...100 Movies|American Film Institute|1957|THE BRIDGE ON THE RIVER KWAI|13
AFI's 100 Years...100 Movies|American Film Institute|1959|SOME LIKE IT HOT|14
AFI's 100 Years...100 Movies|American Film Institute|1977|STAR WARS|15
AFI's 100 Years...100 Movies|American Film Institute|1950|ALL ABOUT EVE|16
AFI's 100 Years...100 Movies|American Film Institute|1951|THE AFRICAN QUEEN|17
AFI's 100 Years...100 Movies|American Film Institute|1960|PSYCHO|18
AFI's 100 Years...100 Movies|American Film Institute|1974|CHINATOWN|19
AFI's 100 Years...100 Movies|American Film Institute|1975|ONE FLEW OVER THE CUCKOO'S NEST|20
AFI's 100 Years...100 Movies|American Film Institute|1940|THE GRAPES OF WRATH|21
AFI's 100 Years...100 Movies|American Film Institute|1968|2001: A SPACE ODYSSEY|22
AFI's 100 Years...100 Movies|American Film Institute|1941|THE MALTESE FALCON|23
AFI's 100 Years...100 Movies|American Film Institute|1980|RAGING BULL|24
AFI's 100 Years...100 Movies|American Film Institute|1982|E.T. THE EXTRA-TERRESTRIAL|25
AFI's 100 Years...100 Movies|American Film Institute|1964|DR. STRANGELOVE|26
AFI's 100 Years...100 Movies|American Film Institute|1967|BONNIE AND CLYDE|27
AFI's 100 Years...100 Movies|American Film Institute|1979|APOCALYPSE NOW|28
AFI's 100 Years...100 Movies|American Film Institute|1939|MR. SMITH GOES TO WASHINGTON|29
AFI's 100 Years...100 Movies|American Film Institute|1948|THE TREASURE OF THE SIERRA MADRE|30
AFI's 100 Years...100 Movies|American Film Institute|1977|ANNIE HALL|31
AFI's 100 Years...100 Movies|American Film Institute|1974|THE GODFATHER PART II|32
AFI's 100 Years...100 Movies|American Film Institute|1952|HIGH NOON|33
AFI's 100 Years...100 Movies|American Film Institute|1962|TO KILL A MOCKINGBIRD|34
AFI's 100 Years...100 Movies|American Film Institute|1934|IT HAPPENED ONE NIGHT|35
AFI's 100 Years...100 Movies|American Film Institute|1969|MIDNIGHT COWBOY|36
AFI's 100 Years...100 Movies|American Film Institute|1946|THE BEST YEARS OF OUR LIVES|37
AFI's 100 Years...100 Movies|American Film Institute|1944|DOUBLE INDEMNITY|38
AFI's 100 Years...100 Movies|American Film Institute|1965|DOCTOR ZHIVAGO|39
AFI's 100 Years...100 Movies|American Film Institute|1959|NORTH BY NORTHWEST|40
AFI's 100 Years...100 Movies|American Film Institute|1961|WEST SIDE STORY|41
AFI's 100 Years...100 Movies|American Film Institute|1954|REAR WINDOW|42
AFI's 100 Years...100 Movies|American Film Institute|1933|KING KONG|43
AFI's 100 Years...100 Movies|American Film Institute|1915|THE BIRTH OF A NATION|44
AFI's 100 Years...100 Movies|American Film Institute|1951|A STREETCAR NAMED DESIRE|45
AFI's 100 Years...100 Movies|American Film Institute|1971|A CLOCKWORK ORANGE|46
AFI's 100 Years...100 Movies|American Film Institute|1976|TAXI DRIVER|47
AFI's 100 Years...100 Movies|American Film Institute|1975|JAWS|48
AFI's 100 Years...100 Movies|American Film Institute|1937|SNOW WHITE AND THE SEVEN DWARFS|49
AFI's 100 Years...100 Movies|American Film Institute|1969|BUTCH CASSIDY AND THE SUNDANCE KID|50
AFI's 100 Years...100 Movies|American Film Institute|1940|THE PHILADELPHIA STORY|51
AFI's 100 Years...100 Movies|American Film Institute|1953|FROM HERE TO ETERNITY|52
AFI's 100 Years...100 Movies|American Film Institute|1984|AMADEUS|53
AFI's 100 Years...100 Movies|American Film Institute|1930|ALL QUIET ON THE WESTERN FRONT|54
AFI's 100 Years...100 Movies|American Film Institute|1965|THE SOUND OF MUSIC|55
AFI's 100 Years...100 Movies|American Film Institute|1970|M*A*S*H|56
AFI's 100 Years...100 Movies|American Film Institute|1949|THE THIRD MAN|57
AFI's 100 Years...100 Movies|American Film Institute|1940|FANTASIA|58
AFI's 100 Years...100 Movies|American Film Institute|1955|REBEL WITHOUT A CAUSE|59
AFI's 100 Years...100 Movies|American Film Institute|1981|RAIDERS OF THE LOST ARK|60
AFI's 100 Years...100 Movies|American Film Institute|1958|VERTIGO|61
AFI's 100 Years...100 Movies|American Film Institute|1982|TOOTSIE|62
AFI's 100 Years...100 Movies|American Film Institute|1939|STAGECOACH|63
AFI's 100 Years...100 Movies|American Film Institute|1977|CLOSE ENCOUNTERS OF THE THIRD KIND|64
AFI's 100 Years...100 Movies|American Film Institute|1991|THE SILENCE OF THE LAMBS|65
AFI's 100 Years...100 Movies|American Film Institute|1976|NETWORK|66
AFI's 100 Years...100 Movies|American Film Institute|1962|THE MANCHURIAN CANDIDATE|67
AFI's 100 Years...100 Movies|American Film Institute|1951|AN AMERICAN IN PARIS|68
AFI's 100 Years...100 Movies|American Film Institute|1953|SHANE|69
AFI's 100 Years...100 Movies|American Film Institute|1971|THE FRENCH CONNECTION|70
AFI's 100 Years...100 Movies|American Film Institute|1994|FORREST GUMP|71
AFI's 100 Years...100 Movies|American Film Institute|1959|BEN-HUR|72
AFI's 100 Years...100 Movies|American Film Institute|1939|WUTHERING HEIGHTS|73
AFI's 100 Years...100 Movies|American Film Institute|1925|THE GOLD RUSH|74
AFI's 100 Years...100 Movies|American Film Institute|1990|DANCES WITH WOLVES|75
AFI's 100 Years...100 Movies|American Film Institute|1931|CITY LIGHTS|76
AFI's 100 Years...100 Movies|American Film Institute|1973|AMERICAN GRAFFITI|77
AFI's 100 Years...100 Movies|American Film Institute|1976|ROCKY|78
AFI's 100 Years...100 Movies|American Film Institute|1978|THE DEER HUNTER|79
AFI's 100 Years...100 Movies|American Film Institute|1969|THE WILD BUNCH|80
AFI's 100 Years...100 Movies|American Film Institute|1936|MODERN TIMES|81
AFI's 100 Years...100 Movies|American Film Institute|1956|GIANT|82
AFI's 100 Years...100 Movies|American Film Institute|1986|PLATOON|83
AFI's 100 Years...100 Movies|American Film Institute|1996|FARGO|84
AFI's 100 Years...100 Movies|American Film Institute|1933|DUCK SOUP|85
AFI's 100 Years...100 Movies|American Film Institute|1935|MUTINY ON THE BOUNTY|86
AFI's 100 Years...100 Movies|American Film Institute|1931|FRANKENSTEIN|87
AFI's 100 Years...100 Movies|American Film Institute|1969|EASY RIDER|88
AFI's 100 Years...100 Movies|American Film Institute|1970|PATTON|89
AFI's 100 Years...100 Movies|American Film Institute|1927|THE JAZZ SINGER|90
AFI's 100 Years...100 Movies|American Film Institute|1964|MY FAIR LADY|91
AFI's 100 Years...100 Movies|American Film Institute|1951|A PLACE IN THE SUN|92
AFI's 100 Years...100 Movies|American Film Institute|1960|THE APARTMENT|93
AFI's 100 Years...100 Movies|American Film Institute|1990|GOODFELLAS|94
AFI's 100 Years...100 Movies|American Film Institute|1994|PULP FICTION|95
AFI's 100 Years...100 Movies|American Film Institute|1956|THE SEARCHERS|96
AFI's 100 Years...100 Movies|American Film Institute|1938|BRINGING UP BABY|97
AFI's 100 Years...100 Movies|American Film Institute|1992|UNFORGIVEN|98
AFI's 100 Years...100 Movies|American Film Institute|1967|GUESS WHO'S COMING TO DINNER|99
AFI's 100 Years...100 Movies|American Film Institute|1942|YANKEE DOODLE DANDY|100
AFI's 100 Years...100 Movies -- 10th Anniversary Edition|American Film Institute|1941|CITIZEN KANE|1
AFI's 100 Years...100 Movies -- 10th Anniversary Edition|American Film Institute|1972|THE GODFATHER|2
AFI's 100 Years...100 Movies -- 10th Anniversary Edition|American Film Institute|1942|CASABLANCA|3
AFI's 100 Years...100 Movies -- 10th Anniversary Edition|American Film Institute|1980|RAGING BULL|4
AFI's 100 Years...100 Movies -- 10th Anniversary Edition|American Film Institute|1952|SINGIN' IN THE RAIN|5
AFI's 100 Years...100 Movies -- 10th Anniversary Edition|American Film Institute|1939|GONE WITH THE WIND|6
AFI's 100 Years...100 Movies -- 10th Anniversary Edition|American Film Institute|1962|LAWRENCE OF ARABIA|7
AFI's 100 Years...100 Movies -- 10th Anniversary Edition|American Film Institute|1993|SCHINDLER'S LIST|8
AFI's 100 Years...100 Movies -- 10th Anniversary Edition|American Film Institute|1958|VERTIGO|9
AFI's 100 Years...100 Movies -- 10th Anniversary Edition|American Film Institute|1939|THE WIZARD OF OZ|10
AFI's 100 Years...100 Movies -- 10th Anniversary Edition|American Film Institute|1931|CITY LIGHTS|11
AFI's 100 Years...100 Movies -- 10th Anniversary Edition|American Film Institute|1956|THE SEARCHERS|12
AFI's 100 Years...100 Movies -- 10th Anniversary Edition|American Film Institute|1977|STAR WARS|13
AFI's 100 Years...100 Movies -- 10th Anniversary Edition|American Film Institute|1960|PSYCHO|14
AFI's 100 Years...100 Movies -- 10th Anniversary Edition|American Film Institute|1968|2001: A SPACE ODYSSEY|15
AFI's 100 Years...100 Movies -- 10th Anniversary Edition|American Film Institute|1950|SUNSET BLVD.|16
AFI's 100 Years...100 Movies -- 10th Anniversary Edition|American Film Institute|1967|THE GRADUATE|17
AFI's 100 Years...100 Movies -- 10th Anniversary Edition|American Film Institute|1927|THE GENERAL|18
AFI's 100 Years...100 Movies -- 10th Anniversary Edition|American Film Institute|1954|ON THE WATERFRONT|19
AFI's 100 Years...100 Movies -- 10th Anniversary Edition|American Film Institute|1946|IT'S A WONDERFUL LIFE|20
AFI's 100 Years...100 Movies -- 10th Anniversary Edition|American Film Institute|1974|CHINATOWN|21
AFI's 100 Years...100 Movies -- 10th Anniversary Edition|American Film Institute|1959|SOME LIKE IT HOT|22
AFI's 100 Years...100 Movies -- 10th Anniversary Edition|American Film Institute|1940|THE GRAPES OF WRATH|23
AFI's 100 Years...100 Movies -- 10th Anniversary Edition|American Film Institute|1982|E.T. THE EXTRA-TERRESTRIAL|24
AFI's 100 Years...100 Movies -- 10th Anniversary Edition|American Film Institute|1962|TO KILL A MOCKINGBIRD|25
AFI's 100 Years...100 Movies -- 10th Anniversary Edition|American Film Institute|1939|MR. SMITH GOES TO WASHINGTON|26
AFI's 100 Years...100 Movies -- 10th Anniversary Edition|American Film Institute|1952|HIGH NOON|27
AFI's 100 Years...100 Movies -- 10th Anniversary Edition|American Film Institute|1950|ALL ABOUT EVE|28
AFI's 100 Years...100 Movies -- 10th Anniversary Edition|American Film Institute|1944|DOUBLE INDEMNITY|29
AFI's 100 Years...100 Movies -- 10th Anniversary Edition|American Film Institute|1979|APOCALYPSE NOW|30
AFI's 100 Years...100 Movies -- 10th Anniversary Edition|American Film Institute|1941|THE MALTESE FALCON|31
AFI's 100 Years...100 Movies -- 10th Anniversary Edition|American Film Institute|1974|THE GODFATHER PART II|32
AFI's 100 Years...100 Movies -- 10th Anniversary Edition|American Film Institute|1975|ONE FLEW OVER THE CUCKOO'S NEST|33
AFI's 100 Years...100 Movies -- 10th Anniversary Edition|American Film Institute|1937|SNOW WHITE AND THE SEVEN DWARFS|34
AFI's 100 Years...100 Movies -- 10th Anniversary Edition|American Film Institute|1977|ANNIE HALL|35
AFI's 100 Years...100 Movies -- 10th Anniversary Edition|American Film Institute|1957|THE BRIDGE ON THE RIVER KWAI|36
AFI's 100 Years...100 Movies -- 10th Anniversary Edition|American Film Institute|1946|THE BEST YEARS OF OUR LIVES|37
AFI's 100 Years...100 Movies -- 10th Anniversary Edition|American Film Institute|1948|THE TREASURE OF THE SIERRA MADRE|38
AFI's 100 Years...100 Movies -- 10th Anniversary Edition|American Film Institute|1964|DR. STRANGELOVE|39
AFI's 100 Years...100 Movies -- 10th Anniversary Edition|American Film Institute|1965|THE SOUND OF MUSIC|40
AFI's 100 Years...100 Movies -- 10th Anniversary Edition|American Film Institute|1933|KING KONG|41
AFI's 100 Years...100 Movies -- 10th Anniversary Edition|American Film Institute|1967|BONNIE AND CLYDE|42
AFI's 100 Years...100 Movies -- 10th Anniversary Edition|American Film Institute|1969|MIDNIGHT COWBOY|43
AFI's 100 Years...100 Movies -- 10th Anniversary Edition|American Film Institute|1940|THE PHILADELPHIA STORY|44
AFI's 100 Years...100 Movies -- 10th Anniversary Edition|American Film Institute|1953|SHANE|45
AFI's 100 Years...100 Movies -- 10th Anniversary Edition|American Film Institute|1934|IT HAPPENED ONE NIGHT|46
AFI's 100 Years...100 Movies -- 10th Anniversary Edition|American Film Institute|1951|A STREETCAR NAMED DESIRE|47
AFI's 100 Years...100 Movies -- 10th Anniversary Edition|American Film Institute|1954|REAR WINDOW|48
AFI's 100 Years...100 Movies -- 10th Anniversary Edition|American Film Institute|1916|INTOLERANCE|49
AFI's 100 Years...100 Movies -- 10th Anniversary Edition|American Film Institute|2001|THE LORD OF THE RINGS: THE FELLOWSHIP OF THE RING|50
AFI's 100 Years...100 Movies -- 10th Anniversary Edition|American Film Institute|1961|WEST SIDE STORY|51
AFI's 100 Years...100 Movies -- 10th Anniversary Edition|American Film Institute|1976|TAXI DRIVER|52
AFI's 100 Years...100 Movies -- 10th Anniversary Edition|American Film Institute|1978|THE DEER HUNTER|53
AFI's 100 Years...100 Movies -- 10th Anniversary Edition|American Film Institute|1970|M*A*S*H|54
AFI's 100 Years...100 Movies -- 10th Anniversary Edition|American Film Institute|1959|NORTH BY NORTHWEST|55
AFI's 100 Years...100 Movies -- 10th Anniversary Edition|American Film Institute|1975|JAWS|56
AFI's 100 Years...100 Movies -- 10th Anniversary Edition|American Film Institute|1976|ROCKY|57
AFI's 100 Years...100 Movies -- 10th Anniversary Edition|American Film Institute|1925|THE GOLD RUSH|58
AFI's 100 Years...100 Movies -- 10th Anniversary Edition|American Film Institute|1975|NASHVILLE|59
AFI's 100 Years...100 Movies -- 10th Anniversary Edition|American Film Institute|1933|DUCK SOUP|60
AFI's 100 Years...100 Movies -- 10th Anniversary Edition|American Film Institute|1941|SULLIVAN'S TRAVELS|61
AFI's 100 Years...100 Movies -- 10th Anniversary Edition|American Film Institute|1973|AMERICAN GRAFFITI|62
AFI's 100 Years...100 Movies -- 10th Anniversary Edition|American Film Institute|1972|CABARET|63
AFI's 100 Years...100 Movies -- 10th Anniversary Edition|American Film Institute|1976|NETWORK|64
AFI's 100 Years...100 Movies -- 10th Anniversary Edition|American Film Institute|1951|THE AFRICAN QUEEN|65
AFI's 100 Years...100 Movies -- 10th Anniversary Edition|American Film Institute|1981|RAIDERS OF THE LOST ARK|66
AFI's 100 Years...100 Movies -- 10th Anniversary Edition|American Film Institute|1966|WHO'S AFRAID OF VIRGINIA WOOLF?|67
AFI's 100 Years...100 Movies -- 10th Anniversary Edition|American Film Institute|1992|UNFORGIVEN|68
AFI's 100 Years...100 Movies -- 10th Anniversary Edition|American Film Institute|1982|TOOTSIE|69
AFI's 100 Years...100 Movies -- 10th Anniversary Edition|American Film Institute|1971|A CLOCKWORK ORANGE|70
AFI's 100 Years...100 Movies -- 10th Anniversary Edition|American Film Institute|1998|SAVING PRIVATE RYAN|71
AFI's 100 Years...100 Movies -- 10th Anniversary Edition|American Film Institute|1994|THE SHAWSHANK REDEMPTION|72
AFI's 100 Years...100 Movies -- 10th Anniversary Edition|American Film Institute|1969|BUTCH CASSIDY AND THE SUNDANCE KID|73
AFI's 100 Years...100 Movies -- 10th Anniversary Edition|American Film Institute|1991|THE SILENCE OF THE LAMBS|74
AFI's 100 Years...100 Movies -- 10th Anniversary Edition|American Film Institute|1967|IN THE HEAT OF THE NIGHT|75
AFI's 100 Years...100 Movies -- 10th Anniversary Edition|American Film Institute|1994|FORREST GUMP|76
AFI's 100 Years...100 Movies -- 10th Anniversary Edition|American Film Institute|1976|ALL THE PRESIDENT'S MEN|77
AFI's 100 Years...100 Movies -- 10th Anniversary Edition|American Film Institute|1936|MODERN TIMES|78
AFI's 100 Years...100 Movies -- 10th Anniversary Edition|American Film Institute|1969|THE WILD BUNCH|79
AFI's 100 Years...100 Movies -- 10th Anniversary Edition|American Film Institute|1960|THE APARTMENT|80
AFI's 100 Years...100 Movies -- 10th Anniversary Edition|American Film Institute|1960|SPARTACUS|81
AFI's 100 Years...100 Movies -- 10th Anniversary Edition|American Film Institute|1927|SUNRISE|82
AFI's 100 Years...100 Movies -- 10th Anniversary Edition|American Film Institute|1997|TITANIC|83
AFI's 100 Years...100 Movies -- 10th Anniversary Edition|American Film Institute|1969|EASY RIDER|84
AFI's 100 Years...100 Movies -- 10th Anniversary Edition|American Film Institute|1935|A NIGHT AT THE OPERA|85
AFI's 100 Years...100 Movies -- 10th Anniversary Edition|American Film Institute|1986|PLATOON|86
AFI's 100 Years...100 Movies -- 10th Anniversary Edition|American Film Institute|1957|12 ANGRY MEN|87
AFI's 100 Years...100 Movies -- 10th Anniversary Edition|American Film Institute|1938|BRINGING UP BABY|88
AFI's 100 Years...100 Movies -- 10th Anniversary Edition|American Film Institute|1999|THE SIXTH SENSE|89
AFI's 100 Years...100 Movies -- 10th Anniversary Edition|American Film Institute|1936|SWING TIME|90
AFI's 100 Years...100 Movies -- 10th Anniversary Edition|American Film Institute|1982|SOPHIE'S CHOICE|91
AFI's 100 Years...100 Movies -- 10th Anniversary Edition|American Film Institute|1990|GOODFELLAS|92
AFI's 100 Years...100 Movies -- 10th Anniversary Edition|American Film Institute|1971|THE FRENCH CONNECTION|93
AFI's 100 Years...100 Movies -- 10th Anniversary Edition|American Film Institute|1994|PULP FICTION|94
AFI's 100 Years...100 Movies -- 10th Anniversary Edition|American Film Institute|1971|THE LAST PICTURE SHOW|95
AFI's 100 Years...100 Movies -- 10th Anniversary Edition|American Film Institute|1989|DO THE RIGHT THING|96
AFI's 100 Years...100 Movies -- 10th Anniversary Edition|American Film Institute|1982|BLADE RUNNER|97
AFI's 100 Years...100 Movies -- 10th Anniversary Edition|American Film Institute|1942|YANKEE DOODLE DANDY|98
AFI's 100 Years...100 Movies -- 10th Anniversary Edition|American Film Institute|1995|TOY STORY|99
AFI's 100 Years...100 Movies -- 10th Anniversary Edition|American Film Institute|1959|BEN-HUR|100
